{
  "version": 1,
  "last_updated": "2021-04-10T01:21:20.969196+02:00",
  "centres_disponibles": [
    {
      "departement": "34",
      "nom": "VAILHAUQUES Service de Sant\u00e9 SDIS 34",
      "url": "https://partners.doctolib.fr/centre-de-sante/vailhauques/centre-de-vaccination-covid-de-vailhauques?speciality_id=5494&enable_cookies_consent=1",
      "location": {
        "longitude": 3.73874,
        "latitude": 43.6439
      },
      "metadata": {
        "address": "150 Rue Super Nova, 34570 Vailhauqu\u00e8s",
        "phone_number": "+33800541919",
        "business_hours": {
          "lundi": "14:00-17:00",
          "mardi": "14:00-17:00",
          "mercredi": "14:00-17:00",
          "jeudi": "14:00-17:00",
          "vendredi": "14:00-17:00",
          "samedi": "ferm\u00e9",
          "dimanche": "ferm\u00e9"
        }
      },
      "prochain_rdv": "2021-04-11T14:25:00.000+02:00",
      "plateforme": "Doctolib",
      "type": "vaccination-center",
      "appointment_count": 1
    }
  ],
  "centres_indisponibles": [
    {
      "departement": "34",
      "nom": "MONTPELLIER- CHU MONTPELLIER LAPEYRONIE- ASTRAZENECA",
      "url": "https://partners.doctolib.fr/hopital-public/montpellier/chu-de-montpellier-vaccination-covid-reserve-aux-professionnels-de-sante?pid=practice-166638&enable_cookies_consent=1",
      "location": {
        "longitude": 3.85151,
        "latitude": 43.6295
      },
      "metadata": {
        "address": "371 rue du Doyen Gaston Giraud, 34000 Montpellier",
        "phone_number": "+33430969545",
        "business_hours": {
          "lundi": "19:00-22h00",
          "mardi": "19:00-22h00",
          "mercredi": "19:00-22h00",
          "jeudi": "19:00-22h00",
          "vendredi": "19:00-22h00",
          "samedi": "9:00-20:00",
          "dimanche": "9:00-20:00"
        }
      },
      "prochain_rdv": null,
      "plateforme": "Doctolib",
      "type": "vaccination-center",
      "appointment_count": 0
    },
    {
      "departement": "34",
      "nom": "MONTPELLIER CHU Montpellier Centre Antonin Balm\u00e8s",
      "url": "https://partners.doctolib.fr/hopital-public/montpellier/chu-de-montpellier-vaccination-covid?speciality_id=5494&enable_cookies_consent=1",
      "location": {
        "longitude": 3.85729,
        "latitude": 43.6263
      },
      "metadata": {
        "address": "39 Avenue Charles Flahault, 34090 Montpellier",
        "phone_number": "+33800541919",
        "business_hours": {
          "lundi": "9:00-12:00 / 13:00-17:00",
          "mardi": "9:00-12:00 / 13:00-17:00",
          "mercredi": "9:00-12:00 / 13:00-17:00",
          "jeudi": "9:00-12:00 / 13:00-17:00",
          "vendredi": "9:00-12:00 / 13:00-17:00",
          "samedi": "ferm\u00e9",
          "dimanche": "ferm\u00e9"
        }
      },
      "prochain_rdv": null,
      "plateforme": "Doctolib",
      "type": "vaccination-center",
      "appointment_count": 0
    },
    {
      "departement": "34",
      "nom": "Centre de vaccination CESSENON (Maison de sant\u00e9)",
      "url": "https://partners.doctolib.fr/maison-de-sante/cessenon-sur-orb/centre-de-vaccination-covid-19-salle-eglantine?pid=practice-166003&enable_cookies_consent=1",
      "location": {
        "longitude": 3.05257,
        "latitude": 43.4491
      },
      "metadata": {
        "address": "10 Rue de Caudejo, 34460 Cessenon-sur-Orb",
        "phone_number": "+33800541919",
        "business_hours": {
          "lundi": "ferm\u00e9",
          "mardi": "ferm\u00e9",
          "mercredi": "9:00-13:00",
          "jeudi": "9:00-13:00",
          "vendredi": "ferm\u00e9",
          "samedi": "ferm\u00e9",
          "dimanche": "ferm\u00e9"
        }
      },
      "prochain_rdv": null,
      "plateforme": "Doctolib",
      "type": "vaccination-center",
      "appointment_count": 0
    },
    {
      "departement": "34",
      "nom": "ST PONS DE THOMIERES CASERNE DES SAPEURS POMPIERS",
      "url": "https://partners.doctolib.fr/centre-de-sante/saint-pons-de-thomieres/centre-de-vaccination-covid-de-saint-pons-de-thomieres?speciality_id=5494&enable_cookies_consent=1",
      "location": {
        "longitude": 2.75983,
        "latitude": 43.491
      },
      "metadata": {
        "address": "  Chemin du camp Soulel, 34220 Saint-Pons-de-Thomi\u00e8res",
        "phone_number": "+33800541919",
        "business_hours": {
          "lundi": "9:00-12:00 / 13:00-17:00",
          "mardi": "9:00-12:00 / 13:00-17:00",
          "mercredi": "9:00-12:00 / 13:00-17:00",
          "jeudi": "9:00-12:00 / 13:00-17:00",
          "vendredi": "9:00-12:00 / 13:00-17:00",
          "samedi": "9:00-12:00 / 13:00-17:00",
          "dimanche": "ferm\u00e9"
        }
      },
      "prochain_rdv": null,
      "plateforme": "Doctolib",
      "type": "vaccination-center",
      "appointment_count": 0
    },
    {
      "departement": "34",
      "nom": "BEZIERS CENTRE HOSPITALIER ASTRAZENECA",
      "url": "https://partners.doctolib.fr/hopital-public/beziers/centre-vaccination-covid-ch-beziers?pid=practice-164117&enable_cookies_consent=1",
      "location": {
        "longitude": 3.25431,
        "latitude": 43.3397
      },
      "metadata": {
        "address": "2 Rue Valentin Hauy, 34500 B\u00e9ziers",
        "phone_number": "+33800541919",
        "business_hours": {
          "lundi": "9:00-12:00 / 13:00-17:00",
          "mardi": "9:00-12:00 / 13:00-17:00",
          "mercredi": "9:00-12:00 / 13:00-17:00",
          "jeudi": "9:00-12:00 / 13:00-17:00",
          "vendredi": "9:00-12:00 / 13:00-17:00",
          "samedi": "ferm\u00e9",
          "dimanche": "ferm\u00e9"
        }
      },
      "prochain_rdv": null,
      "plateforme": "Doctolib",
      "type": "vaccination-center",
      "appointment_count": 0
    },
    {
      "departement": "34",
      "nom": "OLONZAC CASERNE DES SAPEURS POMPIERS",
      "url": "https://partners.doctolib.fr/centre-de-sante/olonzac/centre-de-vaccination-covid-d-olonzac?speciality_id=5494&enable_cookies_consent=1",
      "location": {
        "longitude": 2.74343,
        "latitude": 43.2854
      },
      "metadata": {
        "address": " Route d'Oupia, 34210 Olonzac",
        "phone_number": "+33800541919",
        "business_hours": {
          "lundi": "9:00-12:00 / 13:00-17:00",
          "mardi": "9:00-12:00 / 13:00-17:00",
          "mercredi": "9:00-12:00 / 13:00-17:00",
          "jeudi": "9:00-12:00 / 13:00-17:00",
          "vendredi": "9:00-12:00 / 13:00-17:00",
          "samedi": "9:00-12:00 / 13:00-17:00",
          "dimanche": "ferm\u00e9"
        }
      },
      "prochain_rdv": null,
      "plateforme": "Doctolib",
      "type": "vaccination-center",
      "appointment_count": 0
    },
    {
      "departement": "34",
      "nom": "MONTPELLIER CVP Bouisson Bertrand",
      "url": "https://partners.doctolib.fr/centre-de-vaccinations-internationales/montpellier/institut-bouisson-bertrand-centre-de-vaccination-covid-19?speciality_id=5494&enable_cookies_consent=1",
      "location": {
        "longitude": 3.87333,
        "latitude": 43.6127
      },
      "metadata": {
        "address": "5 Rue Ecole de M\u00e9decine, 34000 Montpellier",
        "phone_number": "+33800541919",
        "business_hours": {
          "lundi": "8:30-12:30/13:30-17:00",
          "mardi": "13:00-17:30",
          "mercredi": "ferm\u00e9",
          "jeudi": "8:30-12:30",
          "vendredi": "8:30-12:30",
          "samedi": "ferm\u00e9",
          "dimanche": "ferm\u00e9"
        }
      },
      "prochain_rdv": null,
      "plateforme": "Doctolib",
      "type": "vaccination-center",
      "appointment_count": 0
    },
    {
      "departement": "34",
      "nom": "Centre de vaccination - Clinique St Louis de Ganges",
      "url": "https://partners.doctolib.fr/centre-depistage-covid/ganges/centres-de-vaccination-cap-sante?speciality_id=5494&enable_cookies_consent=1",
      "location": {
        "longitude": 3.70327,
        "latitude": 43.9325
      },
      "metadata": {
        "address": "2 Place Joseph Boudouresques, 34190 Ganges",
        "phone_number": "+33800541919",
        "business_hours": {
          "lundi": "ferm\u00e9",
          "mardi": "13:00-17:00",
          "mercredi": "13:00-17:00",
          "jeudi": "13:00-18:30",
          "vendredi": "13:00-18:30",
          "samedi": "ferm\u00e9",
          "dimanche": "ferm\u00e9"
        }
      },
      "prochain_rdv": null,
      "plateforme": "Doctolib",
      "type": "vaccination-center",
      "appointment_count": 0
    },
    {
      "departement": "34",
      "nom": "S\u00e8te Centre de vaccination",
      "url": "https://partners.doctolib.fr/centre-de-sante/sete/centre-de-vaccination-cpts-du-bassin-de-thau?speciality_id=5494&enable_cookies_consent=1",
      "location": {
        "longitude": 3.69848,
        "latitude": 43.4127
      },
      "metadata": {
        "address": " Route de Cayenne (parking du Mas Coulet), 34200 S\u00e8te",
        "phone_number": "+33800541919",
        "business_hours": {
          "lundi": "12:00-18:00",
          "mardi": "10:00-18:00",
          "mercredi": "10:00-18:00",
          "jeudi": "10:00-18:00",
          "vendredi": "10:00-18:00",
          "samedi": "10:00-18:00",
          "dimanche": "ferm\u00e9"
        }
      },
      "prochain_rdv": null,
      "plateforme": "Doctolib",
      "type": "vaccination-center",
      "appointment_count": 0
    },
    {
      "departement": "34",
      "nom": "BEZIERS Centre Zinga Zanga (grande salle de spectacle)",
      "url": "https://partners.doctolib.fr/centre-de-sante/beziers/centre-de-vaccination-publiques-de-la-ville-de-beziers?speciality_id=5494&enable_cookies_consent=1",
      "location": {
        "longitude": 3.18991,
        "latitude": 43.331
      },
      "metadata": {
        "address": " Traverse de Colombiers, 34500 B\u00e9ziers",
        "phone_number": "+33800541919",
        "business_hours": {
          "lundi": "9:00-17:00",
          "mardi": "9:00-17:00",
          "mercredi": "9:00-17:00",
          "jeudi": "9:00-17:00",
          "vendredi": "9:00-17:00",
          "samedi": "9:00-17:00",
          "dimanche": "ferm\u00e9"
        }
      },
      "prochain_rdv": null,
      "plateforme": "Doctolib",
      "type": "vaccination-center",
      "appointment_count": 0
    },
    {
      "departement": "34",
      "nom": "Centre de vaccination St Martin de Londres",
      "url": "https://partners.doctolib.fr/centre-de-sante/saint-martin-de-londres/centre-de-vaccination-covid-saint-martin-de-londres?pid=practice-165713&enable_cookies_consent=1",
      "location": {
        "longitude": 3.73291,
        "latitude": 43.7912
      },
      "metadata": {
        "address": " Place de la Mairie (Salle des rencontres), 34380 Saint-Martin-de-Londres",
        "phone_number": "+33800541919",
        "business_hours": {
          "lundi": "ferm\u00e9",
          "mardi": "ferm\u00e9",
          "mercredi": "9:00-13:00 / 14:00-18:00",
          "jeudi": "ferm\u00e9",
          "vendredi": "ferm\u00e9",
          "samedi": "ferm\u00e9",
          "dimanche": "ferm\u00e9"
        }
      },
      "prochain_rdv": null,
      "plateforme": "Doctolib",
      "type": "vaccination-center",
      "appointment_count": 0
    },
    {
      "departement": "34",
      "nom": "MONTPELLIER Maison m\u00e9dicale de garde",
      "url": "https://partners.doctolib.fr/centre-de-vaccinations-internationales/montpellier/centre-de-vaccination-covid-19-maison-medicale-de-garde-jean-bouyer?speciality_id=5494&enable_cookies_consent=1",
      "location": {
        "longitude": 3.87944,
        "latitude": 43.6264
      },
      "metadata": {
        "address": "2 Rue des Tourterelles, 34090 Montpellier",
        "phone_number": "+33800541919",
        "business_hours": {
          "lundi": "9:00-19:00",
          "mardi": "9:00-19:00",
          "mercredi": "9:00-19:00",
          "jeudi": "9:00-19:00",
          "vendredi": "9:00-19:00",
          "samedi": "ferm\u00e9",
          "dimanche": "ferm\u00e9"
        }
      },
      "prochain_rdv": null,
      "plateforme": "Doctolib",
      "type": "vaccination-center",
      "appointment_count": 0
    },
    {
      "departement": "34",
      "nom": "MONTPELLIER Centre vaccination \u00e0 la Clinique du Mill\u00e9naire",
      "url": "https://partners.doctolib.fr/clinique-privee/montpellier/oc-sante-clinique-du-millenaire-vaccination-covid?speciality_id=5494&enable_cookies_consent=1",
      "location": {
        "longitude": 3.91916,
        "latitude": 43.6019
      },
      "metadata": {
        "address": "220 boulevard P\u00e9n\u00e9lope, 34000 Montpellier",
        "phone_number": "+33800541919",
        "business_hours": {
          "lundi": "No",
          "mardi": "",
          "mercredi": "",
          "jeudi": "",
          "vendredi": "",
          "samedi": "",
          "dimanche": ""
        }
      },
      "prochain_rdv": null,
      "plateforme": "Doctolib",
      "type": "vaccination-center",
      "appointment_count": 0
    },
    {
      "departement": "34",
      "nom": "LODEVE Centre vaccination",
      "url": "https://partners.doctolib.fr/centre-de-sante/lodeve/cccol-centre-de-consultation-covid-de-lodevois?speciality_id=5494&enable_cookies_consent=1",
      "location": {
        "longitude": 3.31809,
        "latitude": 43.7331
      },
      "metadata": {
        "address": "1 bis Rue du 4 Septembre, 34700 Lod\u00e8ve",
        "phone_number": "+33974350365",
        "business_hours": {
          "lundi": "ferm\u00e9",
          "mardi": "8:30-13h / 14:00-19:00",
          "mercredi": "8:30-13h / 14:00-19:00",
          "jeudi": "8:30-13h / 14:00-19:00",
          "vendredi": "8:30-12:30",
          "samedi": "ferm\u00e9",
          "dimanche": "ferm\u00e9"
        }
      },
      "prochain_rdv": null,
      "plateforme": "Doctolib",
      "type": "vaccination-center",
      "appointment_count": 0
    },
    {
      "departement": "34",
      "nom": "Polyclinique Saint Roch",
      "url": "https://partners.doctolib.fr/centre-de-sante/montpellier/centre-de-vaccination-covid-polyclinique-saint-roch-montpellier",
      "location": {
        "longitude": 3.86264,
        "latitude": 43.5828
      },
      "metadata": {
        "address": "560 Avenue du Colonel Pavelet, 34070 Montpellier",
        "phone_number": "+33800541919",
        "business_hours": {
          "lundi": "8:30-12:30 / 13:00-17:00",
          "mardi": "8:30-12:30 / 13:00-17:00",
          "mercredi": "8:30-12:30 / 13:00-17:00",
          "jeudi": "8:30-12:30 / 13:00-17:00",
          "vendredi": "8:30-12:30 / 13:00-17:00",
          "samedi": "8:30-12:30 / 13:00-17:00",
          "dimanche": "ferm\u00e9"
        }
      },
      "prochain_rdv": null,
      "plateforme": "Doctolib",
      "type": "vaccination-center",
      "appointment_count": 0
    },
    {
      "departement": "34",
      "nom": "Centre de vaccination St Cl\u00e9ment \u2013 Clinique du Pic St loup",
      "url": "https://partners.doctolib.fr/centre-de-sante/saint-clement-de-riviere/centre-de-vaccination-saint-clement-clinique-du-pic-saint-loup?speciality_id=5494&enable_cookies_consent=1",
      "location": {
        "longitude": 3.83157,
        "latitude": 43.7071
      },
      "metadata": {
        "address": "96 avenue de Saint-Sauveur, 34980 Saint-Cl\u00e9ment-de-Rivi\u00e8re",
        "phone_number": "+33800541919",
        "business_hours": {
          "lundi": "9:00-12:00/ 14:00-17:00",
          "mardi": "9:00-12:00/ 14:00-17:00",
          "mercredi": "9:00-12:00/ 14:00-17:00",
          "jeudi": "9:00-12:00/ 14:00-17:00",
          "vendredi": "9:00-12:00/ 14:00-17:00",
          "samedi": "ferm\u00e9",
          "dimanche": "ferm\u00e9"
        }
      },
      "prochain_rdv": null,
      "plateforme": "Doctolib",
      "type": "vaccination-center",
      "appointment_count": 0
    },
    {
      "departement": "34",
      "nom": "SETE CENTRE DE VACCINATION ASTRA ZENECA",
      "url": "https://partners.doctolib.fr/hopital-public/sete/centre-hospitalier-du-bassin-de-thau-vaccination-covid-19?pid=practice-163105&enable_cookies_consent=1",
      "location": {
        "longitude": 3.69689,
        "latitude": 43.4121
      },
      "metadata": {
        "address": " avenue de Cayenne, 34200 S\u00e8te",
        "business_hours": {
          "lundi": "9:00-12:00 / 13:00-17:00",
          "mardi": "9:00-12:00 / 13:00-17:00",
          "mercredi": "9:00-12:00 / 13:00-17:00",
          "jeudi": "9:00-12:00 / 13:00-17:00",
          "vendredi": "9:00-12:00 / 13:00-17:00",
          "samedi": "ferm\u00e9",
          "dimanche": "ferm\u00e9"
        }
      },
      "prochain_rdv": null,
      "plateforme": "Doctolib",
      "type": "vaccination-center",
      "appointment_count": 0
    },
    {
      "departement": "34",
      "nom": "ST JEAN DE VEDAS Clinique St Jean",
      "url": "https://partners.doctolib.fr/centre-depistage-covid/saint-jean-de-vedas/centre-de-vaccination-clinique-saint-jean-sud-de-france-cap-sante-saint-jean-de-vedas?speciality_id=5494&enable_cookies_consent=1",
      "location": {
        "longitude": 3.83534,
        "latitude": 43.5703
      },
      "metadata": {
        "address": "1 Place de l'Europe, 34430 Saint-Jean-de-V\u00e9das",
        "phone_number": "+33800541919",
        "business_hours": {
          "lundi": "9:00-17:00",
          "mardi": "9:00-17:00",
          "mercredi": "9:00-17:00",
          "jeudi": "9:00-17:00",
          "vendredi": "9:00-17:00",
          "samedi": "9:00-17:00",
          "dimanche": "ferm\u00e9"
        }
      },
      "prochain_rdv": null,
      "plateforme": "Doctolib",
      "type": "vaccination-center",
      "appointment_count": 0
    },
    {
      "departement": "34",
      "nom": "CLERMONT L'HERAULT Centre Hospitalier",
      "url": "https://partners.doctolib.fr/hopital-public/clermont-l'h\u00e9rault/centre-de-vaccination-hopital-de-clermont-l-herault?pid=practice-164971?speciality_id=5494&enable_cookies_consent=1",
      "location": {
        "longitude": 3.4388,
        "latitude": 43.6238
      },
      "metadata": {
        "address": " Cours de la Chicane, 34800 Clermont-l'H\u00e9rault",
        "phone_number": "+33800541919",
        "business_hours": {
          "lundi": "ferm\u00e9",
          "mardi": "9:30 12:30 / 13:30 16:30",
          "mercredi": "9:30 12:30 / 13:30 16:30",
          "jeudi": "9:30 12:30 / 13:30 16:30",
          "vendredi": "9:30 12:30 / 13:30 16:30",
          "samedi": "ferm\u00e9",
          "dimanche": "ferm\u00e9"
        }
      },
      "prochain_rdv": null,
      "plateforme": "Doctolib",
      "type": "vaccination-center",
      "appointment_count": 0
    },
    {
      "departement": "34",
      "nom": "PEZENAS Centre Hospitalier (Salle Vayrac)",
      "url": "https://partners.doctolib.fr/hopital-public/pezenas/centre-de-vaccination-hopital-de-pezenas?speciality_id=5494&enable_cookies_consent=1",
      "location": {
        "longitude": 3.4195,
        "latitude": 43.4601
      },
      "metadata": {
        "address": " Rue Henri Reboul, 34120 P\u00e9zenas",
        "phone_number": "+33800541919",
        "business_hours": {
          "lundi": "ferm\u00e9",
          "mardi": "14:00-18:00",
          "mercredi": "16:00-20:00",
          "jeudi": "14:00-18:00",
          "vendredi": "14:00-18:00",
          "samedi": "ferm\u00e9",
          "dimanche": "ferm\u00e9"
        }
      },
      "prochain_rdv": null,
      "plateforme": "Doctolib",
      "type": "vaccination-center",
      "appointment_count": 0
    },
    {
      "departement": "34",
      "nom": "GIGNAC CENTRE DE VACCINATION",
      "url": "https://partners.doctolib.fr/centre-depistage-covid/gignac/cc-vallee-herault-vaccination-covid?pid=practice-164133?speciality_id=5494&enable_cookies_consent=1",
      "location": {
        "longitude": 3.5449,
        "latitude": 43.6501
      },
      "metadata": {
        "address": "4 Chemin du Moulin de Carabotte, 34150 Gignac",
        "phone_number": "+33800541919",
        "business_hours": {
          "lundi": "ferm\u00e9",
          "mardi": "9:00 13:00",
          "mercredi": "9:00 13:00",
          "jeudi": "9:00 13:00",
          "vendredi": "9:00 13:00",
          "samedi": "ferm\u00e9",
          "dimanche": "ferm\u00e9"
        }
      },
      "prochain_rdv": null,
      "plateforme": "Doctolib",
      "type": "vaccination-center",
      "appointment_count": 0
    },
    {
      "departement": "34",
      "nom": "AGDE Centre de vaccination",
      "url": "https://partners.doctolib.fr/hopital-public/agde/centre-de-vaccination-covid-19-agde?pid=practice-165395?speciality_id=5494&enable_cookies_consent=1",
      "location": {
        "longitude": 3.48354,
        "latitude": 43.299
      },
      "metadata": {
        "address": "220 boulevard des H\u00e9llenes, 34300 Agde",
        "phone_number": "+33800541919",
        "business_hours": {
          "lundi": "",
          "mardi": "",
          "mercredi": "",
          "jeudi": "",
          "vendredi": "",
          "samedi": "ferm\u00e9",
          "dimanche": "ferm\u00e9"
        }
      },
      "prochain_rdv": null,
      "plateforme": "Doctolib",
      "type": "vaccination-center",
      "appointment_count": 0
    },
    {
      "departement": "34",
      "nom": "BEDARIEUX Clinique 3 Vall\u00e9es",
      "url": "https://partners.doctolib.fr/centre-depistage-covid/bedarieux/centre-de-vaccination-polyclinique-des-3-vallees-cap-sante?speciality_id=5494&enable_cookies_consent=1",
      "location": {
        "longitude": 3.15058,
        "latitude": 43.608
      },
      "metadata": {
        "address": "4 Route de Saint Pons, 34600 B\u00e9darieux",
        "phone_number": "+33800541919",
        "business_hours": {
          "lundi": "9:00-17:00",
          "mardi": "9:00-17:00",
          "mercredi": "9:00-17:00",
          "jeudi": "9:00-17:00",
          "vendredi": "9:00-17:00",
          "samedi": "9:00-12:00",
          "dimanche": "ferm\u00e9"
        }
      },
      "prochain_rdv": null,
      "plateforme": "Doctolib",
      "type": "vaccination-center",
      "appointment_count": 0
    },
    {
      "departement": "34",
      "nom": "CASTELNAU LE LEZ Clinique du Parc",
      "url": "https://partners.doctolib.fr/centre-de-sante/castelnau-le-lez/clinique-du-parc-vaccination-covid-19?speciality_id=5494&enable_cookies_consent=1",
      "location": {
        "longitude": 3.89091,
        "latitude": 43.6349
      },
      "metadata": {
        "address": "50 Rue Emile Combes, 34170 Castelnau-le-Lez",
        "phone_number": "+33800541919",
        "business_hours": {
          "lundi": "9:00-12:00/ 14:00-17:00",
          "mardi": "9:00-12:00/ 14:00-17:00",
          "mercredi": "9:00-12:00/ 14:00-17:00",
          "jeudi": "9:00-12:00/ 14:00-17:00",
          "vendredi": "9:00-12:00/ 14:00-17:00",
          "samedi": "ferm\u00e9",
          "dimanche": "ferm\u00e9"
        }
      },
      "prochain_rdv": null,
      "plateforme": "Doctolib",
      "type": "vaccination-center",
      "appointment_count": 0
    },
    {
      "departement": "34",
      "nom": "Centre Hospitalier R\u00e9publique - CTPS PAYS DE LUNEL",
      "url": "https://partners.doctolib.fr/centre-de-vaccinations-internationales/lunel/ch-republique?speciality_id=5494&enable_cookies_consent=1",
      "location": {
        "longitude": 4.13216,
        "latitude": 43.6756
      },
      "metadata": {
        "address": "141 Place de la Republique, 34400 Lunel",
        "phone_number": "+33800541919",
        "business_hours": {
          "lundi": "ferm\u00e9",
          "mardi": "12:00-20:00",
          "mercredi": "08:00-20:00",
          "jeudi": "08:00-20:00",
          "vendredi": "08:00-20:00",
          "samedi": "08:00-20:00",
          "dimanche": "ferm\u00e9"
        }
      },
      "prochain_rdv": null,
      "plateforme": "Doctolib",
      "type": "vaccination-center",
      "appointment_count": 0
    },
    {
      "departement": "34",
      "nom": "MONTPELLIER Centre municipal le Polygone",
      "url": "https://partners.doctolib.fr/centre-de-sante/montpellier/centre-de-vaccination-ville-de-montpellier?speciality_id=5494&enable_cookies_consent=1",
      "location": {
        "longitude": 3.8864,
        "latitude": 43.6082
      },
      "metadata": {
        "address": "2  Place Paul Bec, 34000 Montpellier",
        "phone_number": "+33800541919",
        "business_hours": {
          "lundi": "9:00-12:00 / 14:00-17:00",
          "mardi": "9:00-12:00 / 14:00-17:00",
          "mercredi": "9:00-12:00 / 14:00-17:00",
          "jeudi": "9:00-12:00 / 14:00-17:00",
          "vendredi": "9:00-12:00 / 14:00-17:00",
          "samedi": "ferm\u00e9",
          "dimanche": "ferm\u00e9"
        }
      },
      "prochain_rdv": null,
      "plateforme": "Doctolib",
      "type": "vaccination-center",
      "appointment_count": 0
    },
    {
      "departement": "34",
      "nom": "LA GRANDE MOTTE CENTRE CULTUREL",
      "url": "https://partners.doctolib.fr/centre-de-sante/la-grande-motte/centre-de-vaccination-centre-culturel-dunoyer?speciality_id=5494&enable_cookies_consent=1",
      "location": {
        "longitude": 4.08622,
        "latitude": 43.5601
      },
      "metadata": {
        "address": " Place du 1er Octobre 1974, 34280 La Grande-Motte",
        "phone_number": "+33800541919",
        "business_hours": {
          "lundi": "ferm\u00e9",
          "mardi": "ferm\u00e9",
          "mercredi": "9:00 12:30 / 13:30 16:30",
          "jeudi": "9:00 12:30 / 13:30 16:30",
          "vendredi": "9:00 12:30 / 13:30 16:30",
          "samedi": "ferm\u00e9",
          "dimanche": "ferm\u00e9"
        }
      },
      "prochain_rdv": null,
      "plateforme": "Doctolib",
      "type": "vaccination-center",
      "appointment_count": 0
    },
    {
      "departement": "34",
      "nom": "CENTRE DE VACCINATION - MAIRIE DE MONTPELLIER",
      "url": "https://www.doctolib.fr/centre-de-sante/montpellier/centre-de-vaccination-covid-hoteldeville",
      "location": {
        "longitude": 3.89699,
        "latitude": 43.598
      },
      "metadata": {
        "address": "1 Place Georges Fr\u00eache, 34070 Montpellier",
        "phone_number": "+33800541919",
        "business_hours": {
          "lundi": "13:00 - 20:00",
          "mardi": "13:00 - 20:00",
          "mercredi": "13:00 - 20:00",
          "jeudi": "13:00 - 20:00",
          "vendredi": "13:00 - 20:00",
          "samedi": "13:00 - 20:00",
          "dimanche": "13:00 - 20:00"
        }
      },
      "prochain_rdv": null,
      "plateforme": null,
      "type": "vaccination-center",
      "appointment_count": 0
    },
    {
      "departement": "34",
      "nom": "CP - US CENTRE HOSPITALIER DE BEZIERS / Centre P\u00e9nitentiaire de B\u00e9ziers",
      "url": "",
      "location": {
        "longitude": 3.18472,
        "latitude": 43.3412
      },
      "metadata": {
        "address": "861 Route de Saint-Pons, 34500 B\u00e9ziers",
        "business_hours": {
          "lundi": "Ferm\u00e9 au public",
          "mardi": "Ferm\u00e9 au public",
          "mercredi": "Ferm\u00e9 au public",
          "jeudi": "Ferm\u00e9 au public",
          "vendredi": "Ferm\u00e9 au public",
          "samedi": "Ferm\u00e9 au public",
          "dimanche": "Ferm\u00e9 au public"
        }
      },
      "prochain_rdv": null,
      "plateforme": "Autre",
      "type": "vaccination-center",
      "appointment_count": 0
    },
    {
      "departement": "34",
      "nom": "CP - US de Villeneuve Les Maguelone / Centre P\u00e9nitentiaire de Villeneuve-les-Maguelone",
      "url": "",
      "location": {
        "longitude": 3.83031,
        "latitude": 43.5475
      },
      "metadata": {
        "address": " Avenue du Moulin de la Jasse, 34750 Villeneuve-l\u00e8s-Maguelone",
        "business_hours": {
          "lundi": "Ferm\u00e9 au public",
          "mardi": "Ferm\u00e9 au public",
          "mercredi": "Ferm\u00e9 au public",
          "jeudi": "Ferm\u00e9 au public",
          "vendredi": "Ferm\u00e9 au public",
          "samedi": "Ferm\u00e9 au public",
          "dimanche": "Ferm\u00e9 au public"
        }
      },
      "prochain_rdv": null,
      "plateforme": "Autre",
      "type": "vaccination-center",
      "appointment_count": 0
    },
    {
      "departement": "34",
      "nom": "Pharmacie Du Languedoc",
      "url": "https://app.ordoclic.fr/app/pharmacie/pharmacie-du-languedoc-beziers",
      "location": {
        "longitude": 3.2354824,
        "latitude": 43.35668340000001
      },
      "metadata": {
        "address": "23 boulevard du Languedoc, 34500 BEZIERS",
        "phone_number": "+33467283812",
        "business_hours": null
      },
      "prochain_rdv": null,
      "plateforme": "Ordoclic",
      "type": "drugstore",
      "appointment_count": 0
    },
    {
      "departement": "34",
      "nom": "Pharmacie Du Vidourle",
      "url": "https://app.ordoclic.fr/app/pharmacie/pharmacie-du-vidourle-lunel",
      "location": {
        "longitude": 4.1423,
        "latitude": 43.67243
      },
      "metadata": {
        "address": "391 boulevard sainte claire, 34400 Lunel",
        "phone_number": "+33467710245",
        "business_hours": null
      },
      "prochain_rdv": null,
      "plateforme": "Ordoclic",
      "type": "drugstore",
      "appointment_count": 0
    },
    {
      "departement": "34",
      "nom": "Pharmacie Des Herbes De Saint Jean",
      "url": "https://app.ordoclic.fr/app/pharmacie/pharmacie-des-herbes-de-saint-jean-saint-jean-de-vedas",
      "location": {
        "longitude": 3.8309382,
        "latitude": 43.5759883
      },
      "metadata": {
        "address": "164 esplanade de l'Ortet, 34430 Saint Jean de V\u00e9das",
        "phone_number": "+33467999980",
        "business_hours": null
      },
      "prochain_rdv": null,
      "plateforme": "Ordoclic",
      "type": "drugstore",
      "appointment_count": 0
    },
    {
      "departement": "34",
      "nom": "Pharmacie Des Vignes",
      "url": "https://app.ordoclic.fr/app/pharmacie/pharmacie-des-vignes-montpellier",
      "location": {
        "longitude": 3.8577281,
        "latitude": 43.6143535
      },
      "metadata": {
        "address": "31 avenue Ecole Agriculture G. Buchet, 34000 MONTPELLIER",
        "phone_number": "+33467630785",
        "business_hours": null
      },
      "prochain_rdv": null,
      "plateforme": "Ordoclic",
      "type": "drugstore",
      "appointment_count": 0
    },
    {
      "departement": "34",
      "nom": "Pharmacie Des Lilas",
      "url": "https://app.ordoclic.fr/app/pharmacie/pharmacie-des-lilas",
      "location": {
        "longitude": 3.8485323,
        "latitude": 43.60161950000001
      },
      "metadata": {
        "address": "66 route de laverune, 34070 montpellier",
        "phone_number": "+33467426614",
        "business_hours": null
      },
      "prochain_rdv": null,
      "plateforme": "Ordoclic",
      "type": "drugstore",
      "appointment_count": 0
    },
    {
      "departement": "34",
      "nom": "Pharmacie Richter",
      "url": "https://partners.doctolib.fr/pharmacie/montpellier/pharmacie-richter",
      "location": {
        "longitude": 3.9021696,
        "latitude": 43.6017342
      },
      "metadata": {
        "address": "181 Place Ernest Granier, 34000 Montpellier",
        "business_hours": {
          "lundi": "08:30-19:00",
          "mardi": "08:30-19:00",
          "mercredi": "08:30-19:00",
          "jeudi": "08:30-19:00",
          "vendredi": "08:30-19:00",
          "samedi": "09:00-19:00",
          "dimanche": null
        }
      },
      "prochain_rdv": null,
      "plateforme": "Doctolib",
      "type": "drugstore",
      "appointment_count": 0
    },
    {
      "departement": "34",
      "nom": "Pharmacie Gambetta",
      "url": "https://partners.doctolib.fr/pharmacie/montpellier/pharmacie-gambetta-montpellier",
      "location": {
        "longitude": 3.8696444,
        "latitude": 43.6079978
      },
      "metadata": {
        "address": "46 Cours Gambetta, 34000 Montpellier",
        "phone_number": "04 67 92 05 04",
        "business_hours": {
          "lundi": "08:00-19:00",
          "mardi": "08:00-19:00",
          "mercredi": "08:00-19:00",
          "jeudi": "08:00-19:00",
          "vendredi": "08:00-19:00",
          "samedi": "08:00-19:00",
          "dimanche": null
        }
      },
      "prochain_rdv": null,
      "plateforme": "Doctolib",
      "type": "drugstore",
      "appointment_count": 0
    },
    {
      "departement": "34",
      "nom": "Pharmacie du Mas Drevon",
      "url": "https://partners.doctolib.fr/pharmacie/montpellier/pharmacie-du-mas-drevon",
      "location": {
        "longitude": 3.8698311,
        "latitude": 43.5948182
      },
      "metadata": {
        "address": "164 Boulevard Pedro de Luna, 34070 Montpellier",
        "phone_number": "04 67 42 51 11",
        "business_hours": {
          "lundi": "08:30-12:30, 14:30-19:30",
          "mardi": "08:30-12:30, 14:30-19:30",
          "mercredi": "08:30-12:30, 14:30-19:30",
          "jeudi": "08:30-12:30, 14:30-19:30",
          "vendredi": "08:30-12:30, 14:30-19:30",
          "samedi": "09:00-12:30, 14:30-19:00",
          "dimanche": null
        }
      },
      "prochain_rdv": null,
      "plateforme": "Doctolib",
      "type": "drugstore",
      "appointment_count": 0
    },
    {
      "departement": "34",
      "nom": "Dr Jean-Louis DUBOIS",
      "url": "https://partners.doctolib.fr/medecin-generaliste/montpellier/dubois-jean-louis",
      "location": {
        "longitude": 3.85607049999999,
        "latitude": 43.5936919
      },
      "metadata": {
        "address": "509 Rue de Bugarel, 34070 Montpellier",
        "business_hours": {
          "lundi": null,
          "mardi": null,
          "mercredi": null,
          "jeudi": null,
          "vendredi": null,
          "samedi": null,
          "dimanche": null
        }
      },
      "prochain_rdv": null,
      "plateforme": "Doctolib",
      "type": "general-practitioner",
      "appointment_count": 0
    },
    {
      "departement": "34",
      "nom": "Centre de vaccination h\u00f4pital de Clermont l'H\u00e9rault",
      "url": "https://partners.doctolib.fr/hopital-public/clermont-l-herault/centre-de-vaccination-hopital-de-clermont-l-herault?highlight%5bspeciality_ids%5d%5b%5d=5494",
      "location": {
        "longitude": 3.437003,
        "latitude": 43.626665
      },
      "metadata": {
        "address": "Cours de la Chicane, 34800 Clermont-l'H\u00e9rault",
        "phone_number": "0 809 54 19 19",
        "business_hours": {
          "lundi": "08:30-17:00",
          "mardi": "08:30-17:00",
          "mercredi": "08:30-17:00",
          "jeudi": "08:30-17:00",
          "vendredi": "08:30-17:00",
          "samedi": null,
          "dimanche": null
        }
      },
      "prochain_rdv": null,
      "plateforme": "Doctolib",
      "type": "vaccination-center",
      "appointment_count": 0
    },
    {
      "departement": "34",
      "nom": "Centre de vaccination Covid Lunel - R\u00e9serv\u00e9 UNIQUEMENT aux professionnels de sant\u00e9",
      "url": "https://partners.doctolib.fr/centre-de-vaccinations-internationales/lunel/reserve-aux-professionnels-de-sante?highlight%5bspeciality_ids%5d%5b%5d=5494",
      "location": {
        "longitude": 4.1314955,
        "latitude": 43.6750313
      },
      "metadata": {
        "address": "141 Place de la R\u00e9publique, 34400 Lunel",
        "phone_number": "0 809 54 19 19",
        "business_hours": {
          "lundi": "12:00-17:00",
          "mardi": "09:00-17:00",
          "mercredi": "09:00-17:00",
          "jeudi": "09:00-12:00",
          "vendredi": "09:00-17:00",
          "samedi": null,
          "dimanche": null
        }
      },
      "prochain_rdv": null,
      "plateforme": "Doctolib",
      "type": "vaccination-center",
      "appointment_count": 0
    },
    {
      "departement": "34",
      "nom": "Maison m\u00e9dicale de garde de Montpellier",
      "url": "https://partners.doctolib.fr/centre-de-sante/montpellier/centre-de-vaccination-covid-19-maison-de-garde-jean-bouyer?highlight%5bspeciality_ids%5d%5b%5d=5494",
      "location": {
        "longitude": 3.8794365,
        "latitude": 43.6262861
      },
      "metadata": {
        "address": "2 Rue des Tourterelles, 34090 Montpellier",
        "phone_number": "0 800 54 19 19",
        "business_hours": {
          "lundi": "08:00-12:00, 13:30-18:00",
          "mardi": "08:00-12:00, 13:30-18:00",
          "mercredi": "08:00-12:00, 13:30-18:00",
          "jeudi": "08:00-12:00, 13:30-18:00",
          "vendredi": "08:00-13:00",
          "samedi": null,
          "dimanche": null
        }
      },
      "prochain_rdv": null,
      "plateforme": "Doctolib",
      "type": "vaccination-center",
      "appointment_count": 0
    }
  ]
}