{
  "version": 1,
  "last_updated": "2021-04-10T01:21:21.141879+02:00",
  "centres_disponibles": [
    {
      "departement": "79",
      "nom": "Centre de vaccination - CPTS du Thouarsais et Val de Thouet",
      "url": "https://partners.doctolib.fr/centre-de-sante/thouars/centre-de-vaccination-cpts-du-thouarsais-et-val-de-thouet?pid=practice-174444&enable_cookies_consent=1",
      "location": {
        "longitude": -0.181312,
        "latitude": 46.9727
      },
      "metadata": {
        "address": "2 Rue Docteur Andre Colas, 79100 Thouars",
        "phone_number": "+33549682996",
        "business_hours": {
          "lundi": "8:30-12:30/14:00-18:00",
          "mardi": "8:30-12:30/14:00-18:00",
          "mercredi": "8:30-12:30/14:00-18:00",
          "jeudi": "8:30-12:30/14:00-18:00",
          "vendredi": "8:30-12:30/14:00-18:00",
          "samedi": "ferm\u00e9",
          "dimanche": "ferm\u00e9"
        }
      },
      "prochain_rdv": "2021-04-13T12:05:00.000+02:00",
      "plateforme": "Doctolib",
      "type": "vaccination-center",
      "appointment_count": 5
    },
    {
      "departement": "79",
      "nom": "centre de vaccination du SDIS - Bassin de Thouars",
      "url": "https://partners.doctolib.fr/centre-de-sante/thouars/centre-de-vaccination-cpts-du-thouarsais-et-val-de-thouet?pid=practice-174444&enable_cookies_consent=1",
      "location": {
        "longitude": -0.183972,
        "latitude": 46.9735
      },
      "metadata": {
        "address": "5000 Rue Docteur Andre Colas, 79100 Thouars",
        "business_hours": {
          "lundi": "ferm\u00e9",
          "mardi": "ferm\u00e9",
          "mercredi": "ferm\u00e9",
          "jeudi": "ferm\u00e9",
          "vendredi": "ferm\u00e9",
          "samedi": "ferm\u00e9",
          "dimanche": "ferm\u00e9"
        }
      },
      "prochain_rdv": "2021-04-13T12:05:00.000+02:00",
      "plateforme": "Doctolib",
      "type": "vaccination-center",
      "appointment_count": 5
    },
    {
      "departement": "79",
      "nom": "Melle - Salle Jacques Pr\u00e9vert",
      "url": "https://partners.doctolib.fr/centre-de-vaccinations-internationales/melle/centre-de-vaccination-covid-19-mellois-en-poitou?speciality_id=5494&enable_cookies_consent=1",
      "location": {
        "longitude": -0.140414,
        "latitude": 46.2253
      },
      "metadata": {
        "address": " quartier de la mairie, 79500 Melle",
        "phone_number": "+33586880024",
        "business_hours": {
          "lundi": "13:00-17:00",
          "mardi": "13:00-17:00",
          "mercredi": "13:00-17:00",
          "jeudi": "13:00-17:00",
          "vendredi": "13:00-17:00",
          "samedi": "ferm\u00e9",
          "dimanche": "ferm\u00e9"
        }
      },
      "prochain_rdv": "2021-04-17T14:50:00.000+02:00",
      "plateforme": "Doctolib",
      "type": "vaccination-center",
      "appointment_count": 1
    },
    {
      "departement": "79",
      "nom": "Centre de vaccination - SUD CAN",
      "url": "https://partners.doctolib.fr/centre-de-sante/mauze-sur-le-mignon/centre-de-vaccination-covid-19-mauze-sur-le-mignon?pid=practice-176650&enable_cookies_consent=1",
      "location": {
        "longitude": -0.669665,
        "latitude": 46.1966
      },
      "metadata": {
        "address": "6 Rue de la Distillerie, 79210 Mauz\u00e9-sur-le-Mignon",
        "phone_number": "+33549267752",
        "business_hours": {
          "lundi": "ferm\u00e9",
          "mardi": "ferm\u00e9",
          "mercredi": "ferm\u00e9",
          "jeudi": "ferm\u00e9",
          "vendredi": "ferm\u00e9",
          "samedi": "ferm\u00e9",
          "dimanche": "ferm\u00e9"
        }
      },
      "prochain_rdv": "2021-04-21T10:35:00.000+02:00",
      "plateforme": "Doctolib",
      "type": "vaccination-center",
      "appointment_count": 36
    }
  ],
  "centres_indisponibles": [
    {
      "departement": "79",
      "nom": "POLYCLINIQUE INKERMANN",
      "url": "https://partners.doctolib.fr/centre-de-sante/niort/vaccination-covid-19-inkermann?speciality_id=5494&enable_cookies_consent=1",
      "location": {
        "longitude": -0.452071,
        "latitude": 46.3155
      },
      "metadata": {
        "address": "84 Route d'Aiffres, 79000 Niort",
        "phone_number": "+33627620475",
        "business_hours": {
          "lundi": "09:30-12:30/13:30-17:30",
          "mardi": "09:30-12:30/13:30-17:30",
          "mercredi": "09:30-12:30/13:30-17:30",
          "jeudi": "09:30-12:30/13:30-17:30",
          "vendredi": "09:30-12:30/13:30-17:30",
          "samedi": "ferm\u00e9",
          "dimanche": "ferm\u00e9"
        }
      },
      "prochain_rdv": null,
      "plateforme": "Doctolib",
      "type": "vaccination-center",
      "appointment_count": 0
    },
    {
      "departement": "79",
      "nom": "GH HAUT VAL DE SEVRE ET DU MELLOIS - SITE DE ST-MAIXENT",
      "url": "https://partners.doctolib.fr/hopital-public/saint-maixent-l-ecole/centre-de-vaccination-ghvsm-site-saint-maixent-l-ecole?pid=practice-166861&enable_cookies_consent=1",
      "location": {
        "longitude": -0.220705,
        "latitude": 46.4104
      },
      "metadata": {
        "address": "13 Rue du Panier Fleuri, 79400 Saint-Maixent-l'\u00c9cole",
        "phone_number": "+33670592682",
        "business_hours": {
          "lundi": "",
          "mardi": "",
          "mercredi": "",
          "jeudi": "",
          "vendredi": "",
          "samedi": "ferm\u00e9",
          "dimanche": "ferm\u00e9"
        }
      },
      "prochain_rdv": null,
      "plateforme": "Doctolib",
      "type": "vaccination-center",
      "appointment_count": 0
    },
    {
      "departement": "79",
      "nom": "LE GRAND FEU",
      "url": "https://partners.doctolib.fr/centre-de-sante/niort/centre-de-vaccination-covid-19-melioris-le-grand-feu?pid=practice-166818&enable_cookies_consent=1",
      "location": {
        "longitude": -0.481399,
        "latitude": 46.3433
      },
      "metadata": {
        "address": "74 Rue de la Verrerie, 79000 Niort",
        "phone_number": "+33549323989",
        "business_hours": {
          "lundi": "08:15-12:00",
          "mardi": "08:15-12:00",
          "mercredi": "08:15-12:00",
          "jeudi": "08:15-12:00",
          "vendredi": "08:15-12:00",
          "samedi": "ferm\u00e9",
          "dimanche": "ferm\u00e9"
        }
      },
      "prochain_rdv": null,
      "plateforme": "Doctolib",
      "type": "vaccination-center",
      "appointment_count": 0
    },
    {
      "departement": "79",
      "nom": "GH HAUT VAL DE SEVRE ET DU MELLOIS - SITE DE MELLE",
      "url": "https://partners.doctolib.fr/hopital-public/melle/centre-de-vaccination-ghvsm-site-de-melle-reserve-aux-professionnels-internes-de-l-etablissement?pid=practice-166863&enable_cookies_consent=1",
      "location": {
        "longitude": -0.153356,
        "latitude": 46.2244
      },
      "metadata": {
        "address": "2 Route de la Roche (Melle), 79500 Melle",
        "phone_number": "+33670592682",
        "business_hours": {
          "lundi": "ferm\u00e9",
          "mardi": "ferm\u00e9",
          "mercredi": "ferm\u00e9",
          "jeudi": "ferm\u00e9",
          "vendredi": "ferm\u00e9",
          "samedi": "ferm\u00e9",
          "dimanche": "ferm\u00e9"
        }
      },
      "prochain_rdv": null,
      "plateforme": "Doctolib",
      "type": "vaccination-center",
      "appointment_count": 0
    },
    {
      "departement": "79",
      "nom": "centre de vaccination du SDIS - Bressuire",
      "url": "https://partners.doctolib.fr/centre-de-sante/moncoutant-sur-sevre/centre-de-vaccination-de-moncoutant-sur-sevre?pid=practice-176955&enable_cookies_consent=1",
      "location": {
        "longitude": -0.597533,
        "latitude": 46.7093
      },
      "metadata": {
        "address": "1 La Morini\u00e8re, 79320 Moncoutant-sur-S\u00e8vre",
        "business_hours": {
          "lundi": "ferm\u00e9",
          "mardi": "ferm\u00e9",
          "mercredi": "ferm\u00e9",
          "jeudi": "ferm\u00e9",
          "vendredi": "ferm\u00e9",
          "samedi": "ferm\u00e9",
          "dimanche": "ferm\u00e9"
        }
      },
      "prochain_rdv": null,
      "plateforme": "Doctolib",
      "type": "vaccination-center",
      "appointment_count": 0
    },
    {
      "departement": "79",
      "nom": "Centre de vaccination du SDIS - Bassin de Bressuire",
      "url": "",
      "location": {
        "longitude": -0.597003,
        "latitude": 46.7095
      },
      "metadata": {
        "address": "1 La Morini\u00e8re, 79320 Moncoutant-sur-S\u00e8vre",
        "business_hours": {
          "lundi": "ferm\u00e9",
          "mardi": "ferm\u00e9",
          "mercredi": "ferm\u00e9",
          "jeudi": "ferm\u00e9",
          "vendredi": "ferm\u00e9",
          "samedi": "ferm\u00e9",
          "dimanche": "ferm\u00e9"
        }
      },
      "prochain_rdv": null,
      "plateforme": "Autre",
      "type": "vaccination-center",
      "appointment_count": 0
    },
    {
      "departement": "79",
      "nom": "Centre de vaccination de Champdeniers",
      "url": "https://partners.doctolib.fr/centre-de-sante/champdeniers/centre-de-vaccination-de-champdeniers?pid=practice-176093&enable_cookies_consent=1",
      "location": {
        "longitude": -0.407534,
        "latitude": 46.486
      },
      "metadata": {
        "address": "22 Chemin du Tram, 79220 Champdeniers",
        "phone_number": "+33586302280",
        "business_hours": {
          "lundi": "ferm\u00e9",
          "mardi": "ferm\u00e9",
          "mercredi": "ferm\u00e9",
          "jeudi": "ferm\u00e9",
          "vendredi": "ferm\u00e9",
          "samedi": "ferm\u00e9",
          "dimanche": "ferm\u00e9"
        }
      },
      "prochain_rdv": null,
      "plateforme": "Doctolib",
      "type": "vaccination-center",
      "appointment_count": 0
    },
    {
      "departement": "79",
      "nom": "Centre de vaccination de Moncoutant - CPTS du Bressuirais",
      "url": "https://partners.doctolib.fr/centre-de-sante/moncoutant-sur-sevre/centre-de-vaccination-de-moncoutant-sur-sevre?pid=practice-176955&enable_cookies_consent=1",
      "location": {
        "longitude": -0.597533,
        "latitude": 46.7093
      },
      "metadata": {
        "address": "1 La Morini\u00e8re, 79320 Moncoutant-sur-S\u00e8vre",
        "phone_number": "+33586303286",
        "business_hours": {
          "lundi": "ferm\u00e9",
          "mardi": "ferm\u00e9",
          "mercredi": "ferm\u00e9",
          "jeudi": "ferm\u00e9",
          "vendredi": "ferm\u00e9",
          "samedi": "ferm\u00e9",
          "dimanche": "ferm\u00e9"
        }
      },
      "prochain_rdv": null,
      "plateforme": "Doctolib",
      "type": "vaccination-center",
      "appointment_count": 0
    },
    {
      "departement": "79",
      "nom": "Centre de vaccination - P\u00f4le M\u00e9dical Coeur de G\u00e2tine",
      "url": "https://partners.doctolib.fr/hopital-public/bressuire/vaccination-nord-deux-sevres?pid=practice-164768&enable_cookies_consent=1",
      "location": {
        "longitude": -0.220923,
        "latitude": 46.6528
      },
      "metadata": {
        "address": "13 c Rue de Brossard, 79200 Parthenay",
        "phone_number": "+33549682970",
        "business_hours": {
          "lundi": "ferm\u00e9",
          "mardi": "13:30-17:30",
          "mercredi": "09:00-12:00/13:30-17:30",
          "jeudi": "13:30-17:30",
          "vendredi": "13:30-17:30",
          "samedi": "ferm\u00e9",
          "dimanche": "ferm\u00e9"
        }
      },
      "prochain_rdv": null,
      "plateforme": "Doctolib",
      "type": "vaccination-center",
      "appointment_count": 0
    },
    {
      "departement": "79",
      "nom": "Centre de vaccination de Nueil-les-Aubiers  - CPTS du Bressuirais",
      "url": "https://partners.doctolib.fr/centre-de-sante/moncoutant-sur-sevre/centre-de-vaccination-de-moncoutant-sur-sevre?pid=practice-177725&enable_cookies_consent=1",
      "location": {
        "longitude": -0.593426,
        "latitude": 46.9501
      },
      "metadata": {
        "address": "45 Avenue Saint-Hubert, 79250 Nueil-les-Aubiers",
        "phone_number": "+33675036843",
        "business_hours": {
          "lundi": "ferm\u00e9",
          "mardi": "ferm\u00e9",
          "mercredi": "ferm\u00e9",
          "jeudi": "ferm\u00e9",
          "vendredi": "ferm\u00e9",
          "samedi": "ferm\u00e9",
          "dimanche": "ferm\u00e9"
        }
      },
      "prochain_rdv": null,
      "plateforme": "Doctolib",
      "type": "vaccination-center",
      "appointment_count": 0
    },
    {
      "departement": "79",
      "nom": "Centre de vaccination de Cerizay - CPTS du Bressuirais",
      "url": "https://partners.doctolib.fr/centre-de-sante/moncoutant-sur-sevre/centre-de-vaccination-de-moncoutant-sur-sevre?pid=practice-177609&enable_cookies_consent=1",
      "location": {
        "longitude": -0.671963,
        "latitude": 46.8212
      },
      "metadata": {
        "address": "5 Place du Saint-Pere, 79140 Cerizay",
        "phone_number": "+33755601381",
        "business_hours": {
          "lundi": "ferm\u00e9",
          "mardi": "ferm\u00e9",
          "mercredi": "ferm\u00e9",
          "jeudi": "ferm\u00e9",
          "vendredi": "ferm\u00e9",
          "samedi": "ferm\u00e9",
          "dimanche": "ferm\u00e9"
        }
      },
      "prochain_rdv": null,
      "plateforme": "Doctolib",
      "type": "vaccination-center",
      "appointment_count": 0
    },
    {
      "departement": "79",
      "nom": "Saint-Maixent-L'Ecole - Hall denfert",
      "url": "https://partners.doctolib.fr/centre-de-sante/saint-maixent-l-ecole/centre-de-vaccination-covid-19-saint-maixent-l-ecole-saint-maixent-l-ecole?speciality_id=5494&enable_cookies_consent=1",
      "location": {
        "longitude": -0.201413,
        "latitude": 46.4179
      },
      "metadata": {
        "address": "7 Rue du Colonel Proust Chaumette, 79400 Saint-Maixent-l'\u00c9cole",
        "phone_number": "+33549169977",
        "business_hours": {
          "lundi": "13:00-17:00",
          "mardi": "13:00-17:00",
          "mercredi": "13:00-17:00",
          "jeudi": "13:00-17:00",
          "vendredi": "13:00-17:00",
          "samedi": "ferm\u00e9",
          "dimanche": "ferm\u00e9"
        }
      },
      "prochain_rdv": null,
      "plateforme": "Doctolib",
      "type": "vaccination-center",
      "appointment_count": 0
    },
    {
      "departement": "79",
      "nom": "CH NORD DEUX-SEVRES site de Faye-L'Abbesse",
      "url": "https://partners.doctolib.fr//hopital-public/bressuire/vaccination-nord-deux-sevres?pid=practice-164824&enable_cookies_consent=1",
      "location": {
        "longitude": -0.385919,
        "latitude": 46.8317
      },
      "metadata": {
        "address": "4 Rue du Docteur Binet, 79350 Faye-l'Abbesse",
        "phone_number": "+33549683022",
        "business_hours": {
          "lundi": "09:00-17:00",
          "mardi": "09:00-17:00",
          "mercredi": "09:00-17:00",
          "jeudi": "09:00-17:00",
          "vendredi": "09:00-17:00",
          "samedi": "ferm\u00e9",
          "dimanche": "ferm\u00e9"
        }
      },
      "prochain_rdv": null,
      "plateforme": "Doctolib",
      "type": "vaccination-center",
      "appointment_count": 0
    },
    {
      "departement": "79",
      "nom": "Centre de vaccination de Noron - Niort",
      "url": "https://partners.doctolib.fr/centre-de-sante/niort/centre-de-vaccination-covid-niortais?pid=practice-166014&enable_cookies_consent=1",
      "location": {
        "longitude": -0.489942,
        "latitude": 46.3284
      },
      "metadata": {
        "address": "6 Rue Archim\u00e8de, 79000 Niort",
        "phone_number": "+33764393608",
        "business_hours": {
          "lundi": "ferm\u00e9",
          "mardi": "ferm\u00e9",
          "mercredi": "ferm\u00e9",
          "jeudi": "ferm\u00e9",
          "vendredi": "ferm\u00e9",
          "samedi": "ferm\u00e9",
          "dimanche": "ferm\u00e9"
        }
      },
      "prochain_rdv": null,
      "plateforme": "Doctolib",
      "type": "vaccination-center",
      "appointment_count": 0
    },
    {
      "departement": "79",
      "nom": "CH MAULEON",
      "url": "https://partners.doctolib.fr/hopital-public/maul\u00e9on/centre-de-vaccination-ch-mauleon?pid=practice-164607?speciality_id=5494&enable_cookies_consent=1",
      "location": {
        "longitude": -0.7452,
        "latitude": 46.9223
      },
      "metadata": {
        "address": "6 Rue du Chemin Vert, 79700 Maul\u00e9on",
        "phone_number": "+33549815622",
        "business_hours": {
          "lundi": "14:00-17:00",
          "mardi": "14:00-17:00",
          "mercredi": "14:00-17:00",
          "jeudi": "14:00-17:00",
          "vendredi": "14:00-17:00",
          "samedi": "ferm\u00e9",
          "dimanche": "ferm\u00e9"
        }
      },
      "prochain_rdv": null,
      "plateforme": "Doctolib",
      "type": "vaccination-center",
      "appointment_count": 0
    },
    {
      "departement": "79",
      "nom": "CH NIORT",
      "url": "https://partners.doctolib.fr/hopital-public/niort/centre-de-vaccination-ch-niort?speciality_id=5494&enable_cookies_consent=1",
      "location": {
        "longitude": -0.458929,
        "latitude": 46.3155
      },
      "metadata": {
        "address": "40 Avenue Charles de Gaulle, 79000 Niort",
        "phone_number": "+33549782010",
        "business_hours": {
          "lundi": "09:30-12:00/13:30-16:30",
          "mardi": "09:30-12:00/13:30-16:30",
          "mercredi": "09:30-12:00/13:30-16:30",
          "jeudi": "09:30-12:00/13:30-16:30",
          "vendredi": "09:30-12:00/13:30-16:30",
          "samedi": "09:30-12:00",
          "dimanche": "ferm\u00e9"
        }
      },
      "prochain_rdv": null,
      "plateforme": "Doctolib",
      "type": "vaccination-center",
      "appointment_count": 0
    },
    {
      "departement": "79",
      "nom": "Centre de vaccination de Bressuire - CPTS du Bressuirais",
      "url": "https://partners.doctolib.fr/centre-de-sante/moncoutant-sur-sevre/centre-de-vaccination-de-moncoutant-sur-sevre?pid=practice-177494&enable_cookies_consent=1",
      "location": {
        "longitude": -0.474574,
        "latitude": 46.8486
      },
      "metadata": {
        "address": "1 Espace Bocapole, 79300 Bressuire",
        "phone_number": "+33549804966 ",
        "business_hours": {
          "lundi": "ferm\u00e9",
          "mardi": "ferm\u00e9",
          "mercredi": "ferm\u00e9",
          "jeudi": "ferm\u00e9",
          "vendredi": "ferm\u00e9",
          "samedi": "ferm\u00e9",
          "dimanche": "ferm\u00e9"
        }
      },
      "prochain_rdv": null,
      "plateforme": "Doctolib",
      "type": "vaccination-center",
      "appointment_count": 0
    },
    {
      "departement": "79",
      "nom": "Caisse Primaire d'Assurance Maladie des Deux-S\u00e8vres",
      "url": "https://partners.doctolib.fr/centre-de-sante/deux-sevres/centre-de-vaccination-covid-19-cpam-de-niort?speciality_id=5494&enable_cookies_consent=1",
      "location": {
        "longitude": -0.492349,
        "latitude": 46.2998
      },
      "metadata": {
        "address": "1 Rue de l'Ang\u00e9lique - Bessines, 79000 NIORT",
        "phone_number": "+33549773012",
        "business_hours": {
          "lundi": "8:30-11:30/13:00-16:30",
          "mardi": "8:30-11:30/13:00-16:30",
          "mercredi": "8:30-11:30/13:00-16:30",
          "jeudi": "8:30-11:30/13:00-16:30",
          "vendredi": "8:30-11:30/13:00-16:30",
          "samedi": "ferm\u00e9",
          "dimanche": "ferm\u00e9"
        }
      },
      "prochain_rdv": null,
      "plateforme": "Doctolib",
      "type": "vaccination-center",
      "appointment_count": 0
    },
    {
      "departement": "79",
      "nom": "centre de vaccination du SDIS - Bassin de Parthenay",
      "url": "https://partners.doctolib.fr/centre-de-sante/vouille/centre-de-vaccination-covid-19-sdis-79?pid=practice-179576&enable_cookies_consent=1",
      "location": {
        "longitude": -0.252716,
        "latitude": 46.6437
      },
      "metadata": {
        "address": "6 Rue Ernest Perochon, 79200 Parthenay",
        "business_hours": {
          "lundi": "ferm\u00e9",
          "mardi": "ferm\u00e9",
          "mercredi": "ferm\u00e9",
          "jeudi": "ferm\u00e9",
          "vendredi": "ferm\u00e9",
          "samedi": "ferm\u00e9",
          "dimanche": "ferm\u00e9"
        }
      },
      "prochain_rdv": null,
      "plateforme": "Doctolib",
      "type": "vaccination-center",
      "appointment_count": 0
    },
    {
      "departement": "79",
      "nom": "Grand Centre Niort (en cours de d\u00e9claration)",
      "url": "",
      "location": {
        "longitude": -0.46455,
        "latitude": 46.3239
      },
      "metadata": {
        "address": "1 Place Martin Bastard, 79000 Niort",
        "business_hours": {
          "lundi": "ferm\u00e9",
          "mardi": "ferm\u00e9",
          "mercredi": "ferm\u00e9",
          "jeudi": "ferm\u00e9",
          "vendredi": "ferm\u00e9",
          "samedi": "ferm\u00e9",
          "dimanche": "ferm\u00e9"
        }
      },
      "prochain_rdv": null,
      "plateforme": "Autre",
      "type": "vaccination-center",
      "appointment_count": 0
    },
    {
      "departement": "79",
      "nom": "centre de vaccination du SDIS - Bassin de Niort",
      "url": "",
      "location": {
        "longitude": -0.325293,
        "latitude": 46.322
      },
      "metadata": {
        "address": "25 Rue de la Salle des F\u00eates, 79230 Vouill\u00e9",
        "business_hours": {
          "lundi": "ferm\u00e9",
          "mardi": "ferm\u00e9",
          "mercredi": "ferm\u00e9",
          "jeudi": "ferm\u00e9",
          "vendredi": "ferm\u00e9",
          "samedi": "ferm\u00e9",
          "dimanche": "ferm\u00e9"
        }
      },
      "prochain_rdv": null,
      "plateforme": "Autre",
      "type": "vaccination-center",
      "appointment_count": 0
    },
    {
      "departement": "79",
      "nom": "centre de vaccination du SDIS - Bassin de Saint-Maixent-L'Ecole",
      "url": "https://partners.doctolib.fr/centre-de-sante/vouille/centre-de-vaccination-covid-19-sdis-79?pid=practice-179575&enable_cookies_consent=1",
      "location": {
        "longitude": -0.176565,
        "latitude": 46.4118
      },
      "metadata": {
        "address": "9 Chemin des Grandes Vignes, 79400 Nanteuil",
        "business_hours": {
          "lundi": "ferm\u00e9",
          "mardi": "ferm\u00e9",
          "mercredi": "ferm\u00e9",
          "jeudi": "ferm\u00e9",
          "vendredi": "ferm\u00e9",
          "samedi": "ferm\u00e9",
          "dimanche": "ferm\u00e9"
        }
      },
      "prochain_rdv": null,
      "plateforme": "Doctolib",
      "type": "vaccination-center",
      "appointment_count": 0
    },
    {
      "departement": "79",
      "nom": "centre de vaccination du SDIS - Bassin de Melle",
      "url": "",
      "location": {
        "longitude": -0.221457,
        "latitude": 46.1422
      },
      "metadata": {
        "address": "20 rue du Champ de Foire, 79170 Brioux-sur-Boutonne",
        "business_hours": {
          "lundi": "ferm\u00e9",
          "mardi": "ferm\u00e9",
          "mercredi": "ferm\u00e9",
          "jeudi": "ferm\u00e9",
          "vendredi": "ferm\u00e9",
          "samedi": "ferm\u00e9",
          "dimanche": "ferm\u00e9"
        }
      },
      "prochain_rdv": null,
      "plateforme": "Autre",
      "type": "vaccination-center",
      "appointment_count": 0
    },
    {
      "departement": "79",
      "nom": "MA - US de Niort / Maison d'Arr\u00eat de Niort",
      "url": "",
      "location": {
        "longitude": -0.466771,
        "latitude": 46.3242
      },
      "metadata": {
        "address": "1 Rue du Sanitat, 79000 Niort",
        "business_hours": {
          "lundi": "Ferm\u00e9 au public",
          "mardi": "Ferm\u00e9 au public",
          "mercredi": "Ferm\u00e9 au public",
          "jeudi": "Ferm\u00e9 au public",
          "vendredi": "Ferm\u00e9 au public",
          "samedi": "Ferm\u00e9 au public",
          "dimanche": "Ferm\u00e9 au public"
        }
      },
      "prochain_rdv": null,
      "plateforme": "Autre",
      "type": "vaccination-center",
      "appointment_count": 0
    },
    {
      "departement": "79",
      "nom": "Centre de Vaccination CH Maul\u00e9on",
      "url": "https://partners.doctolib.fr/hopital-public/mauleon/centre-de-vaccination-ch-mauleon?highlight%5bspeciality_ids%5d%5b%5d=5494",
      "location": {
        "longitude": -0.7457871,
        "latitude": 46.9223586
      },
      "metadata": {
        "address": "6 Rue du Chemin Vert, 79700 Maul\u00e9on",
        "business_hours": {
          "lundi": "08:30-12:30, 13:30-16:30",
          "mardi": "08:30-12:30, 13:30-16:30",
          "mercredi": "08:30-12:30, 13:30-16:30",
          "jeudi": "08:30-12:30, 13:30-16:30",
          "vendredi": "08:30-12:30, 13:30-16:30",
          "samedi": null,
          "dimanche": null
        }
      },
      "prochain_rdv": null,
      "plateforme": "Doctolib",
      "type": "vaccination-center",
      "appointment_count": 0
    }
  ]
}