[{"code_departement": "01", "nom_departement": "Ain", "code_region": 84.0, "nom_region": "Auvergne-Rhône-Alpes"}, {"code_departement": "02", "nom_departement": "Aisne", "code_region": 32.0, "nom_region": "Hauts-de-France"}, {"code_departement": "03", "nom_departement": "Allier", "code_region": 84.0, "nom_region": "Auvergne-Rhône-Alpes"}, {"code_departement": "04", "nom_departement": "Alpes-de-Haute-Provence", "code_region": 93.0, "nom_region": "Provence-Alpes-Côte d'Azur"}, {"code_departement": "05", "nom_departement": "Hautes-Alpes", "code_region": 93.0, "nom_region": "Provence-Alpes-Côte d'Azur"}, {"code_departement": "06", "nom_departement": "Alpes-Maritimes", "code_region": 93.0, "nom_region": "Provence-Alpes-Côte d'Azur"}, {"code_departement": "07", "nom_departement": "Ardèche", "code_region": 84.0, "nom_region": "Auvergne-Rhône-Alpes"}, {"code_departement": "08", "nom_departement": "Ardennes", "code_region": 44.0, "nom_region": "Grand Est"}, {"code_departement": "09", "nom_departement": "Ariège", "code_region": 76.0, "nom_region": "Occitanie"}, {"code_departement": "10", "nom_departement": "Aube", "code_region": 44.0, "nom_region": "Grand Est"}, {"code_departement": "11", "nom_departement": "Aude", "code_region": 76.0, "nom_region": "Occitanie"}, {"code_departement": "12", "nom_departement": "Aveyron", "code_region": 76.0, "nom_region": "Occitanie"}, {"code_departement": "13", "nom_departement": "Bouches-du-Rhône", "code_region": 93.0, "nom_region": "Provence-Alpes-Côte d'Azur"}, {"code_departement": "14", "nom_departement": "Calvados", "code_region": 28.0, "nom_region": "Normandie"}, {"code_departement": "15", "nom_departement": "Cantal", "code_region": 84.0, "nom_region": "Auvergne-Rhône-Alpes"}, {"code_departement": "16", "nom_departement": "Charente", "code_region": 75.0, "nom_region": "Nouvelle-Aquitaine"}, {"code_departement": "17", "nom_departement": "Charente-Maritime", "code_region": 75.0, "nom_region": "Nouvelle-Aquitaine"}, {"code_departement": "18", "nom_departement": "Cher", "code_region": 24.0, "nom_region": "Centre-Val de Loire"}, {"code_departement": "19", "nom_departement": "Corrèze", "code_region": 75.0, "nom_region": "Nouvelle-Aquitaine"}, {"code_departement": "21", "nom_departement": "Côte-d'Or", "code_region": 27.0, "nom_region": "Bourgogne-Franche-Comté"}, {"code_departement": "22", "nom_departement": "Côtes-d'Armor", "code_region": 53.0, "nom_region": "Bretagne"}, {"code_departement": "23", "nom_departement": "Creuse", "code_region": 75.0, "nom_region": "Nouvelle-Aquitaine"}, {"code_departement": "24", "nom_departement": "Dordogne", "code_region": 75.0, "nom_region": "Nouvelle-Aquitaine"}, {"code_departement": "25", "nom_departement": "Doubs", "code_region": 27.0, "nom_region": "Bourgogne-Franche-Comté"}, {"code_departement": "26", "nom_departement": "Drôme", "code_region": 84.0, "nom_region": "Auvergne-Rhône-Alpes"}, {"code_departement": "27", "nom_departement": "Eure", "code_region": 28.0, "nom_region": "Normandie"}, {"code_departement": "28", "nom_departement": "Eure-et-Loir", "code_region": 24.0, "nom_region": "Centre-Val de Loire"}, {"code_departement": "29", "nom_departement": "Finistère", "code_region": 53.0, "nom_region": "Bretagne"}, {"code_departement": "2A", "nom_departement": "Corse-du-Sud", "code_region": 94.0, "nom_region": "Corse"}, {"code_departement": "2B", "nom_departement": "Haute-Corse", "code_region": 94.0, "nom_region": "Corse"}, {"code_departement": "30", "nom_departement": "Gard", "code_region": 76.0, "nom_region": "Occitanie"}, {"code_departement": "31", "nom_departement": "Haute-Garonne", "code_region": 76.0, "nom_region": "Occitanie"}, {"code_departement": "32", "nom_departement": "Gers", "code_region": 76.0, "nom_region": "Occitanie"}, {"code_departement": "33", "nom_departement": "Gironde", "code_region": 75.0, "nom_region": "Nouvelle-Aquitaine"}, {"code_departement": "34", "nom_departement": "Hérault", "code_region": 76.0, "nom_region": "Occitanie"}, {"code_departement": "35", "nom_departement": "Ille-et-Vilaine", "code_region": 53.0, "nom_region": "Bretagne"}, {"code_departement": "36", "nom_departement": "Indre", "code_region": 24.0, "nom_region": "Centre-Val de Loire"}, {"code_departement": "37", "nom_departement": "Indre-et-Loire", "code_region": 24.0, "nom_region": "Centre-Val de Loire"}, {"code_departement": "38", "nom_departement": "Isère", "code_region": 84.0, "nom_region": "Auvergne-Rhône-Alpes"}, {"code_departement": "39", "nom_departement": "Jura", "code_region": 27.0, "nom_region": "Bourgogne-Franche-Comté"}, {"code_departement": "40", "nom_departement": "Landes", "code_region": 75.0, "nom_region": "Nouvelle-Aquitaine"}, {"code_departement": "41", "nom_departement": "Loir-et-Cher", "code_region": 24.0, "nom_region": "Centre-Val de Loire"}, {"code_departement": "42", "nom_departement": "Loire", "code_region": 84.0, "nom_region": "Auvergne-Rhône-Alpes"}, {"code_departement": "43", "nom_departement": "Haute-Loire", "code_region": 84.0, "nom_region": "Auvergne-Rhône-Alpes"}, {"code_departement": "44", "nom_departement": "Loire-Atlantique", "code_region": 52.0, "nom_region": "Pays de la Loire"}, {"code_departement": "45", "nom_departement": "Loiret", "code_region": 24.0, "nom_region": "Centre-Val de Loire"}, {"code_departement": "46", "nom_departement": "Lot", "code_region": 76.0, "nom_region": "Occitanie"}, {"code_departement": "47", "nom_departement": "Lot-et-Garonne", "code_region": 75.0, "nom_region": "Nouvelle-Aquitaine"}, {"code_departement": "48", "nom_departement": "Lozère", "code_region": 76.0, "nom_region": "Occitanie"}, {"code_departement": "49", "nom_departement": "Maine-et-Loire", "code_region": 52.0, "nom_region": "Pays de la Loire"}, {"code_departement": "50", "nom_departement": "Manche", "code_region": 28.0, "nom_region": "Normandie"}, {"code_departement": "51", "nom_departement": "Marne", "code_region": 44.0, "nom_region": "Grand Est"}, {"code_departement": "52", "nom_departement": "Haute-Marne", "code_region": 44.0, "nom_region": "Grand Est"}, {"code_departement": "53", "nom_departement": "Mayenne", "code_region": 52.0, "nom_region": "Pays de la Loire"}, {"code_departement": "54", "nom_departement": "Meurthe-et-Moselle", "code_region": 44.0, "nom_region": "Grand Est"}, {"code_departement": "55", "nom_departement": "Meuse", "code_region": 44.0, "nom_region": "Grand Est"}, {"code_departement": "56", "nom_departement": "Morbihan", "code_region": 53.0, "nom_region": "Bretagne"}, {"code_departement": "57", "nom_departement": "Moselle", "code_region": 44.0, "nom_region": "Grand Est"}, {"code_departement": "58", "nom_departement": "Nièvre", "code_region": 27.0, "nom_region": "Bourgogne-Franche-Comté"}, {"code_departement": "59", "nom_departement": "Nord", "code_region": 32.0, "nom_region": "Hauts-de-France"}, {"code_departement": "60", "nom_departement": "Oise", "code_region": 32.0, "nom_region": "Hauts-de-France"}, {"code_departement": "61", "nom_departement": "Orne", "code_region": 28.0, "nom_region": "Normandie"}, {"code_departement": "62", "nom_departement": "Pas-de-Calais", "code_region": 32.0, "nom_region": "Hauts-de-France"}, {"code_departement": "63", "nom_departement": "Puy-de-Dôme", "code_region": 84.0, "nom_region": "Auvergne-Rhône-Alpes"}, {"code_departement": "64", "nom_departement": "Pyrénées-Atlantiques", "code_region": 75.0, "nom_region": "Nouvelle-Aquitaine"}, {"code_departement": "65", "nom_departement": "Hautes-Pyrénées", "code_region": 76.0, "nom_region": "Occitanie"}, {"code_departement": "66", "nom_departement": "Pyrénées-Orientales", "code_region": 76.0, "nom_region": "Occitanie"}, {"code_departement": "67", "nom_departement": "Bas-Rhin", "code_region": 44.0, "nom_region": "Grand Est"}, {"code_departement": "68", "nom_departement": "Haut-Rhin", "code_region": 44.0, "nom_region": "Grand Est"}, {"code_departement": "69", "nom_departement": "Rhône", "code_region": 84.0, "nom_region": "Auvergne-Rhône-Alpes"}, {"code_departement": "70", "nom_departement": "Haute-Saône", "code_region": 27.0, "nom_region": "Bourgogne-Franche-Comté"}, {"code_departement": "71", "nom_departement": "Saône-et-Loire", "code_region": 27.0, "nom_region": "Bourgogne-Franche-Comté"}, {"code_departement": "72", "nom_departement": "Sarthe", "code_region": 52.0, "nom_region": "Pays de la Loire"}, {"code_departement": "73", "nom_departement": "Savoie", "code_region": 84.0, "nom_region": "Auvergne-Rhône-Alpes"}, {"code_departement": "74", "nom_departement": "Haute-Savoie", "code_region": 84.0, "nom_region": "Auvergne-Rhône-Alpes"}, {"code_departement": "75", "nom_departement": "Paris", "code_region": 11.0, "nom_region": "Île-de-France"}, {"code_departement": "76", "nom_departement": "Seine-Maritime", "code_region": 28.0, "nom_region": "Normandie"}, {"code_departement": "77", "nom_departement": "Seine-et-Marne", "code_region": 11.0, "nom_region": "Île-de-France"}, {"code_departement": "78", "nom_departement": "Yvelines", "code_region": 11.0, "nom_region": "Île-de-France"}, {"code_departement": "79", "nom_departement": "Deux-Sèvres", "code_region": 75.0, "nom_region": "Nouvelle-Aquitaine"}, {"code_departement": "80", "nom_departement": "Somme", "code_region": 32.0, "nom_region": "Hauts-de-France"}, {"code_departement": "81", "nom_departement": "Tarn", "code_region": 76.0, "nom_region": "Occitanie"}, {"code_departement": "82", "nom_departement": "Tarn-et-Garonne", "code_region": 76.0, "nom_region": "Occitanie"}, {"code_departement": "83", "nom_departement": "Var", "code_region": 93.0, "nom_region": "Provence-Alpes-Côte d'Azur"}, {"code_departement": "84", "nom_departement": "Vaucluse", "code_region": 93.0, "nom_region": "Provence-Alpes-Côte d'Azur"}, {"code_departement": "85", "nom_departement": "Vendée", "code_region": 52.0, "nom_region": "Pays de la Loire"}, {"code_departement": "86", "nom_departement": "Vienne", "code_region": 75.0, "nom_region": "Nouvelle-Aquitaine"}, {"code_departement": "87", "nom_departement": "Haute-Vienne", "code_region": 75.0, "nom_region": "Nouvelle-Aquitaine"}, {"code_departement": "88", "nom_departement": "Vosges", "code_region": 44.0, "nom_region": "Grand Est"}, {"code_departement": "89", "nom_departement": "Yonne", "code_region": 27.0, "nom_region": "Bourgogne-Franche-Comté"}, {"code_departement": "90", "nom_departement": "Territoire de Belfort", "code_region": 27.0, "nom_region": "Bourgogne-Franche-Comté"}, {"code_departement": "91", "nom_departement": "Essonne", "code_region": 11.0, "nom_region": "Île-de-France"}, {"code_departement": "92", "nom_departement": "Hauts-de-Seine", "code_region": 11.0, "nom_region": "Île-de-France"}, {"code_departement": "93", "nom_departement": "Seine-Saint-Denis", "code_region": 11.0, "nom_region": "Île-de-France"}, {"code_departement": "94", "nom_departement": "Val-de-Marne", "code_region": 11.0, "nom_region": "Île-de-France"}, {"code_departement": "95", "nom_departement": "Val-d'Oise", "code_region": 11.0, "nom_region": "Île-de-France"}, {"code_departement": "971", "nom_departement": "Guadeloupe", "code_region": 1.0, "nom_region": "Guadeloupe"}, {"code_departement": "972", "nom_departement": "Martinique", "code_region": 2.0, "nom_region": "Martinique"}, {"code_departement": "973", "nom_departement": "Guyane", "code_region": 3.0, "nom_region": "Guyane"}, {"code_departement": "974", "nom_departement": "La Réunion", "code_region": 4.0, "nom_region": "La Réunion"}, {"code_departement": "976", "nom_departement": "Mayotte", "code_region": 6.0, "nom_region": "Mayotte"}, {"code_departement": "om", "nom_departement": "Collectivités d'Outremer", "code_region": -1, "nom_region": "Outremer"}]