[
  {
    "gid": "5f929301",
    "nom": "Centre de Vaccination Lievin-Pays Dartois",
    "rdv_site_web": "https://www.maiia.com/centre-de-vaccination/62800-lievin/centre-de-vaccination-lievin-pays-dartois?centerid=5f92930176af0c5443ff0b63",
    "type": "vaccination-center",
    "vaccine_type": [
      "Pfizer-BioNTech"
    ],
    "com_cp": "62800",
    "com_insee": "62510",
    "address": "Rue Montgolfier 62800 Li\u00e9vin",
    "long_coor1": 2.77876,
    "lat_coor1": 50.42635,
    "phone_number": "",
    "business_hours": {
      "Lundi": "08:00-12:00 14:00-18:00",
      "Mardi": "08:00-12:00 14:00-18:00",
      "Mercredi": "08:00-12:00 14:00-18:00",
      "Jeudi": "08:00-12:00 14:00-18:00",
      "Vendredi": "08:00-12:00 14:00-18:00",
      "Samedi": "08:00-12:00 14:00-18:00",
      "Dimanche": "08:00-12:00 14:00-18:00"
    }
  },
  {
    "gid": "5fc8a456",
    "nom": "CENTRE DE VACCINATION - MSP DU PAYS SABOLIEN",
    "rdv_site_web": "https://www.maiia.com/centre-de-vaccination/72300-sable-sur-sarthe/centre-de-vaccination---msp-du-pays-sabolien?centerid=5fc8a456310f92465037b285",
    "type": "vaccination-center",
    "vaccine_type": [
      "Pfizer-BioNTech"
    ],
    "com_cp": "72300",
    "com_insee": "72336",
    "address": "rue Th\u00e9ophile Pl\u00e9  72300 SABLE SUR SARTHE",
    "long_coor1": 0.3325081,
    "lat_coor1": 47.8375297,
    "phone_number": "+33243624737",
    "business_hours": {
      "Lundi": "08:00-12:00 14:00-18:00",
      "Mardi": "08:00-12:00 14:00-18:00",
      "Mercredi": "08:00-12:00 14:00-18:00",
      "Jeudi": "08:00-12:00 14:00-18:00",
      "Vendredi": "08:00-12:00 14:00-18:00",
      "Samedi": "08:00-12:00 14:00-18:00",
      "Dimanche": "08:00-12:00 14:00-18:00"
    }
  },
  {
    "gid": "5ffc21a0",
    "nom": "Centre de vaccination - MSP de Guise",
    "rdv_site_web": "https://www.maiia.com/centre-de-vaccination/02120-guise/centre-de-vaccination---msp-de-guise?centerid=5ffc21a0fabad2432c9bd0df",
    "type": "vaccination-center",
    "vaccine_type": [],
    "com_cp": "02120",
    "com_insee": "02361",
    "address": "41 Rue Andr\u00e9 Godin 02120 Guise",
    "long_coor1": 3.626341,
    "lat_coor1": 49.901711,
    "phone_number": "+33323057580",
    "business_hours": {
      "Lundi": "08:00-12:00 14:00-18:00",
      "Mardi": "08:00-12:00 14:00-18:00",
      "Mercredi": "08:00-12:00 14:00-18:00",
      "Jeudi": "08:00-12:00 14:00-18:00",
      "Vendredi": "08:00-12:00 14:00-18:00",
      "Samedi": "08:00-12:00 14:00-18:00",
      "Dimanche": "08:00-12:00 14:00-18:00"
    }
  },
  {
    "gid": "5ffc2f7d",
    "nom": "Centre de Vaccination- Moulins - Yzeure",
    "rdv_site_web": "https://www.maiia.com/centre-de-vaccination/03000-moulins/centre-de-vaccination--moulins---yzeure?centerid=5ffc2f7dfabad2432c9bd11a",
    "type": "vaccination-center",
    "vaccine_type": [],
    "com_cp": "03000",
    "com_insee": "03190",
    "address": "10 Avenue du G\u00e9n\u00e9ral de Gaulle 03000 Moulins",
    "long_coor1": 3.325265,
    "lat_coor1": 46.570295,
    "phone_number": "+33470461110",
    "business_hours": {
      "Lundi": "09:00-14:00 14:10-17:00",
      "Mardi": "09:00-14:00 14:10-17:00",
      "Mercredi": "09:00-14:00 14:10-17:00",
      "Jeudi": "09:00-14:00 14:10-17:00",
      "Vendredi": "09:00-14:00 14:10-17:00",
      "Samedi": "09:00-14:00 14:10-17:00",
      "Dimanche": "09:00-14:00 14:10-17:00"
    }
  },
  {
    "gid": "5ffc744c",
    "nom": "Centre de vaccination COVID - H\u00f4pital du Gier ",
    "rdv_site_web": "https://www.maiia.com/centre-de-vaccination/42400-saint-chamond/centre-de-vaccination-covid---hopital-du-gier-?centerid=5ffc744c68dedf073a5b87a2",
    "type": "vaccination-center",
    "vaccine_type": [],
    "com_cp": "42400",
    "com_insee": "42207",
    "address": "19 rue victor hugo 42400 Saint-Chamond",
    "long_coor1": 4.50184989506,
    "lat_coor1": 45.4698319517,
    "phone_number": "",
    "business_hours": {
      "Lundi": "08:15-17:15",
      "Mardi": "08:15-17:15",
      "Mercredi": "08:15-17:15",
      "Jeudi": "08:15-17:15",
      "Vendredi": "08:15-17:15",
      "Samedi": "08:15-17:15",
      "Dimanche": "08:15-17:15"
    }
  },
  {
    "gid": "5ffd749d",
    "nom": "Centre de vaccination anti-covid 19 H\u00f4pital Le Corbusier Firminy",
    "rdv_site_web": "https://www.maiia.com/centre-de-vaccination/42700-firminy/centre-de-vaccination-anti-covid-19-hopital-le-corbusier-firminy?centerid=5ffd749d2766c02a387e2564",
    "type": "vaccination-center",
    "vaccine_type": [
      "Pfizer-BioNTech"
    ],
    "com_cp": "42700",
    "com_insee": "42095",
    "address": "2 Rue Robert Plotton 42700 Firminy",
    "long_coor1": 4.290078,
    "lat_coor1": 45.387762,
    "phone_number": "+33970771710",
    "business_hours": {
      "Lundi": "08:30-18:00",
      "Mardi": "08:30-18:00",
      "Mercredi": "08:30-18:00",
      "Jeudi": "08:30-18:00",
      "Vendredi": "08:30-18:00"
    }
  },
  {
    "gid": "5ffdf331",
    "nom": "Centre de recours \u00e0 la vaccination de livry gargan",
    "rdv_site_web": "https://www.maiia.com/centre-de-vaccination/93190-livry-gargan/centre-de-recours-a-la-vaccination-de-livry-gargan?centerid=5ffdf3319021595c9eb87497",
    "type": "vaccination-center",
    "vaccine_type": [
      "ARNm",
      "Pfizer-BioNTech"
    ],
    "com_cp": "93190",
    "com_insee": "93046",
    "address": "2-16 avenue Ferrer (Gymnase Jacob) 93190 Livry-Gargan",
    "long_coor1": 2.54251,
    "lat_coor1": 48.926025,
    "phone_number": "+33800093190",
    "business_hours": {
      "Lundi": "08:45-17:00",
      "Mardi": "08:45-17:00",
      "Mercredi": "08:45-17:00",
      "Jeudi": "08:45-17:00",
      "Vendredi": "08:45-17:00",
      "Samedi": "08:45-17:00",
      "Dimanche": "08:45-17:00"
    }
  },
  {
    "gid": "5ffdf5e1",
    "nom": "Centre de vaccination - CH de l\u2019Ouest Guyanais",
    "rdv_site_web": "https://www.maiia.com/centre-de-vaccination/97320-saint-laurent-du-maroni/centre-de-vaccination---ch-de-l-ouest-guyanais?centerid=5ffdf5e19021595c9eb874ac",
    "type": "vaccination-center",
    "vaccine_type": [],
    "com_cp": "97320",
    "com_insee": "97311",
    "address": "Avenue Paul Castaing 97320 saint laurent du maroni",
    "long_coor1": -54.03333,
    "lat_coor1": 5.5,
    "phone_number": "+33594347488",
    "business_hours": {
      "Lundi": "10:30-18:00",
      "Mardi": "09:00-16:00",
      "Mercredi": "09:00-16:00",
      "Jeudi": "09:00-16:00",
      "Vendredi": "09:00-16:00",
      "Samedi": "09:00-16:00",
      "Dimanche": "09:00-16:00"
    }
  },
  {
    "gid": "5ffdf9eb",
    "nom": "Centre de vaccination - CH DE KOUROU - M\u00e9diath\u00e8que",
    "rdv_site_web": "https://www.maiia.com/centre-de-vaccination/97310-kourou/centre-de-vaccination---ch-de-kourou---mediatheque?centerid=5ffdf9eb9021595c9eb874bd",
    "type": "vaccination-center",
    "vaccine_type": [],
    "com_cp": "97310",
    "com_insee": "97304",
    "address": "Ave de Rue Thomas Guidiglo 97310 Kourou",
    "long_coor1": -52.646444,
    "lat_coor1": 5.164318,
    "phone_number": "+33594327746",
    "business_hours": {
      "Lundi": "08:30-19:20",
      "Mardi": "08:30-19:20",
      "Mercredi": "08:30-19:20",
      "Jeudi": "08:30-19:20",
      "Vendredi": "08:30-19:20",
      "Samedi": "08:30-13:20",
      "Dimanche": "08:30-13:20"
    }
  },
  {
    "gid": "5ffeb69b",
    "nom": "Centre de vaccination du covid 19 du Pays de Meaux",
    "rdv_site_web": "https://www.maiia.com/centre-de-vaccination/77100-meaux/centre-de-vaccination-du-covid-19-du-pays-de-meaux?centerid=5ffeb69ba6974139202922d5",
    "type": "vaccination-center",
    "vaccine_type": [
      "ARNm"
    ],
    "com_cp": "77100",
    "com_insee": "77284",
    "address": "73 Avenue Henri Dunant 77100 Meaux",
    "long_coor1": 2.902882,
    "lat_coor1": 48.943926,
    "phone_number": "+33160099884",
    "business_hours": {
      "Lundi": "13:00-21:10 08:00-12:50",
      "Mardi": "13:00-21:10 08:00-12:50",
      "Mercredi": "13:00-21:10 08:00-12:50",
      "Jeudi": "13:00-21:10 08:00-12:50",
      "Vendredi": "13:00-21:10 08:00-12:50",
      "Samedi": "13:00-21:10 08:00-12:50",
      "Dimanche": "13:00-21:10 08:00-12:50"
    }
  },
  {
    "gid": "5ffebf64",
    "nom": "Centre de Vaccination - MAISON DE SANTE DES HALLES",
    "rdv_site_web": "https://www.maiia.com/centre-de-vaccination/82500-beaumont-de-lomagne-/centre-de-vaccination---maison-de-sante-des-halles?centerid=5ffebf64a400683faf1c21e4",
    "type": "vaccination-center",
    "vaccine_type": [
      "Pfizer-BioNTech"
    ],
    "com_cp": "82500",
    "com_insee": "82013",
    "address": "15 boulevard de Verdun 82500 BEAUMONT DE LOMAGNE ",
    "long_coor1": 1.01059588806,
    "lat_coor1": 43.876728355,
    "phone_number": "",
    "business_hours": {
      "Lundi": "08:00-20:00",
      "Mardi": "08:00-20:00",
      "Mercredi": "08:00-20:00",
      "Jeudi": "08:00-20:00",
      "Vendredi": "08:00-20:00",
      "Samedi": "09:00-17:00",
      "Dimanche": "08:00-12:00 14:00-18:00"
    }
  },
  {
    "gid": "5ffec752",
    "nom": "Centre De Vaccination - Maison De Sant\u00e9 De L'Adour",
    "rdv_site_web": "https://www.maiia.com/centre-de-vaccination/-40800--aire-sur-l-adour/centre-de-vaccination---maison-de-sante-de-l-adour?centerid=5ffec752a400683faf1c220c",
    "type": "vaccination-center",
    "vaccine_type": [
      "Pfizer-BioNTech"
    ],
    "com_cp": " 40800 ",
    "com_insee": "40001",
    "address": "4  Rue Ren\u00e9 M\u00e9ricam,Salle de L'Orangerie  40800  Aire-sur-l'Adour",
    "long_coor1": -0.265145513574,
    "lat_coor1": 43.6983525736,
    "phone_number": "",
    "business_hours": {
      "Lundi": "08:30-12:30 14:00-18:00",
      "Mardi": "08:30-12:30 14:00-18:00",
      "Mercredi": "08:30-12:30 14:00-18:00",
      "Jeudi": "08:30-12:30 14:00-18:00",
      "Vendredi": "08:30-12:30 14:00-18:00",
      "Samedi": "08:30-12:30",
      "Dimanche": "08:30-12:30 14:00-18:00"
    }
  },
  {
    "gid": "5ffed203",
    "nom": "Centre de vaccination - Maison m\u00e9dicale de Bavay",
    "rdv_site_web": "https://www.maiia.com/centre-de-vaccination/59570-bavay/centre-de-vaccination---maison-medicale-de-bavay?centerid=5ffed203a400683faf1c2237",
    "type": "vaccination-center",
    "vaccine_type": [
      "ARNm",
      "AstraZeneca"
    ],
    "com_cp": "59570",
    "com_insee": "59053",
    "address": "29 Rue des Remparts 59570 Bavay",
    "long_coor1": 3.794242,
    "lat_coor1": 50.296486,
    "phone_number": "+33327631034",
    "business_hours": {
      "Lundi": "12:00-14:00",
      "Mardi": "12:00-14:00",
      "Mercredi": "12:00-14:00",
      "Jeudi": "12:00-14:00",
      "Vendredi": "12:00-14:00 18:00-20:00",
      "Samedi": "09:00-12:00",
      "Dimanche": "12:00-14:00"
    }
  },
  {
    "gid": "5ffee780",
    "nom": "CENTRE DE VACCINATION COVID - MSP DE NOZAY",
    "rdv_site_web": "https://www.maiia.com/centre-de-vaccination/91620-nozay/centre-de-vaccination-covid---msp-de-nozay?centerid=5ffee780b1a1aa1cc204ebff",
    "type": "vaccination-center",
    "vaccine_type": [
      "Pfizer-BioNTech"
    ],
    "com_cp": "91620",
    "com_insee": "91458",
    "address": "Andr\u00e9 Jouanen 91620 Nozay",
    "long_coor1": 2.241824,
    "lat_coor1": 48.656749,
    "phone_number": "+33160825682",
    "business_hours": {
      "Lundi": "08:00-12:00 14:00-18:00",
      "Mardi": "08:00-12:00 14:00-18:00",
      "Mercredi": "08:00-12:00 14:00-18:00",
      "Jeudi": "08:00-12:00 14:00-18:00",
      "Vendredi": "08:00-12:00 14:00-18:00",
      "Samedi": "08:00-12:00 14:00-18:00",
      "Dimanche": "08:00-12:00 14:00-18:00"
    }
  },
  {
    "gid": "5fff08ad",
    "nom": "Centre de Vaccination Garches",
    "rdv_site_web": "https://www.maiia.com/centre-de-vaccination/92380-garches/centre-de-vaccination-garches?centerid=5fff08ad79dfd27ec2d18435",
    "type": "vaccination-center",
    "vaccine_type": [],
    "com_cp": "92380",
    "com_insee": "92033",
    "address": "86 Grande Rue 92380 Garches",
    "long_coor1": 2.188722,
    "lat_coor1": 48.844239,
    "phone_number": "+33147956615",
    "business_hours": {
      "Lundi": "09:00-17:00",
      "Mardi": "09:00-17:00",
      "Mercredi": "09:00-17:00",
      "Jeudi": "09:00-17:00",
      "Vendredi": "09:00-17:00",
      "Samedi": "09:00-17:00",
      "Dimanche": "09:00-17:00"
    }
  },
  {
    "gid": "5fff1f61",
    "nom": "CENTRE DE VACCINATION COVID - LAMASTRE",
    "rdv_site_web": "https://www.maiia.com/centre-de-vaccination/07270-lamastre/centre-de-vaccination-covid---lamastre?centerid=5fff1f61b1a1aa1cc204f203",
    "type": "vaccination-center",
    "vaccine_type": [
      "Pfizer-BioNTech"
    ],
    "com_cp": "07270",
    "com_insee": "07129",
    "address": "1 Place Victor Hugo 07270 Lamastre",
    "long_coor1": 4.577705,
    "lat_coor1": 44.985454,
    "phone_number": "",
    "business_hours": {
      "Lundi": "08:00-12:00 14:00-18:00",
      "Mardi": "08:00-12:00 14:00-18:00",
      "Mercredi": "08:00-12:00 14:00-18:00",
      "Jeudi": "08:00-12:00 14:00-18:00",
      "Vendredi": "08:00-12:00 14:00-18:00",
      "Samedi": "08:00-12:00 14:00-18:00",
      "Dimanche": "08:00-12:00 14:00-18:00"
    }
  },
  {
    "gid": "5fff2263",
    "nom": "Centre de Vaccination - Forum Mimizan",
    "rdv_site_web": "https://www.maiia.com/centre-de-vaccination/40200-mimizan/centre-de-vaccination---forum-mimizan?centerid=5fff2263b1a1aa1cc204f21a",
    "type": "vaccination-center",
    "vaccine_type": [
      "Pfizer-BioNTech"
    ],
    "com_cp": "40200",
    "com_insee": "40184",
    "address": "Rue du Jardin Public 40200 Mimizan",
    "long_coor1": -1.227433,
    "lat_coor1": 44.202248,
    "phone_number": "",
    "business_hours": {
      "Lundi": "08:00-13:00 14:00-18:00",
      "Mardi": "08:00-13:00 14:00-18:00",
      "Mercredi": "08:00-13:00 14:00-18:00",
      "Jeudi": "08:00-13:00 14:00-18:00",
      "Vendredi": "08:00-13:00 14:00-18:00",
      "Samedi": "08:00-13:00 14:00-18:00",
      "Dimanche": "08:00-13:00 14:00-18:00"
    }
  },
  {
    "gid": "5fff697e",
    "nom": "Centre de vaccination - CENTRE HOSPITALIER DE CAYENNE",
    "rdv_site_web": "https://www.maiia.com/centre-de-vaccination/97306-cayenne/centre-de-vaccination---centre-hospitalier-de-cayenne?centerid=5fff697eb1a1aa1cc204f378",
    "type": "vaccination-center",
    "vaccine_type": [
      "Pfizer-BioNTech"
    ],
    "com_cp": "97306",
    "com_insee": "97302",
    "address": "Route de Montabo L\u2019ENCRE (EPCC Les Trois Fleuves) 97306 Cayenne",
    "long_coor1": -52.32041,
    "lat_coor1": 4.923198,
    "phone_number": "+33594397333",
    "business_hours": {
      "Lundi": "07:00-17:00",
      "Mardi": "07:00-17:00",
      "Mercredi": "07:00-17:00",
      "Jeudi": "07:00-17:00",
      "Vendredi": "07:00-17:00",
      "Samedi": "07:00-17:00",
      "Dimanche": "07:00-17:00"
    }
  },
  {
    "gid": "60000d73",
    "nom": " Centre de vaccination - Espace Louise Voelckel",
    "rdv_site_web": "https://www.maiia.com/centre-de-vaccination/94380-bonneuil-sur-marne/-centre-de-vaccination---espace-louise-voelckel?centerid=60000d73b1a1aa1cc204f407",
    "type": "vaccination-center",
    "vaccine_type": [],
    "com_cp": "94380",
    "com_insee": "94011",
    "address": "Rue du 8 mai 45 94380 Bonneuil-sur-Marne",
    "long_coor1": 2.477552,
    "lat_coor1": 48.783892,
    "phone_number": "",
    "business_hours": {
      "Lundi": "08:00-12:00 14:00-18:00",
      "Mardi": "08:00-12:00 14:00-18:00",
      "Mercredi": "08:00-12:00 14:00-18:00",
      "Jeudi": "08:00-12:00 14:00-18:00",
      "Vendredi": "08:00-12:00 14:00-18:00",
      "Samedi": "08:00-12:00 14:00-18:00",
      "Dimanche": "08:00-12:00 14:00-18:00"
    }
  },
  {
    "gid": "60001f28",
    "nom": "Centre de vaccination La luna (Espace Sculfort)",
    "rdv_site_web": "https://www.maiia.com/centre-de-vaccination/59600-maubeuge/centre-de-vaccination-la-luna--espace-sculfort-?centerid=60001f2879dfd27ec2d18a27",
    "type": "vaccination-center",
    "vaccine_type": [
      "ARNm",
      "AstraZeneca",
      "Pfizer-BioNTech"
    ],
    "com_cp": "59600",
    "com_insee": "59392",
    "address": "Avenue Jean Jaur\u00e8s 59600 Maubeuge",
    "long_coor1": 3.94989,
    "lat_coor1": 50.281532,
    "phone_number": "",
    "business_hours": {
      "Lundi": "08:00-12:00 14:00-18:00",
      "Mardi": "08:00-12:00 14:00-18:00",
      "Mercredi": "08:00-12:00 14:00-18:00",
      "Jeudi": "08:00-12:00 14:00-18:00",
      "Vendredi": "08:00-12:00 14:00-18:00",
      "Samedi": "08:00-12:00 14:00-18:00",
      "Dimanche": "08:00-12:00 14:00-18:00"
    }
  },
  {
    "gid": "60002a50",
    "nom": "Centre de vaccination - Foyer Timmermans ",
    "rdv_site_web": "https://www.maiia.com/centre-de-vaccination/59460-jeumont/centre-de-vaccination---foyer-timmermans-?centerid=60002a507f9ff61ee1d5d0b7",
    "type": "vaccination-center",
    "vaccine_type": [
      "ARNm",
      "AstraZeneca"
    ],
    "com_cp": "59460",
    "com_insee": "59324",
    "address": "boulevard de lessines 59460 Jeumont",
    "long_coor1": 4.101479,
    "lat_coor1": 50.297517,
    "phone_number": "",
    "business_hours": {
      "Lundi": "08:00-12:00 14:00-18:00",
      "Mardi": "08:00-12:00 14:00-18:00",
      "Mercredi": "09:00-12:00 14:00-17:00",
      "Jeudi": "14:00-17:00",
      "Vendredi": "08:00-12:00 14:00-18:00",
      "Samedi": "14:00-17:00",
      "Dimanche": "08:00-12:00 14:00-18:00"
    }
  },
  {
    "gid": "6000447d",
    "nom": "Centre de vaccination de Romainville",
    "rdv_site_web": "https://www.maiia.com/centre-de-vaccination/93230-romainville/centre-de-vaccination-de-romainville?centerid=6000447d018ecf0e3f5715f2",
    "type": "vaccination-center",
    "vaccine_type": [],
    "com_cp": "93230",
    "com_insee": "93063",
    "address": "39 All\u00e9e Bellevue 93230 Romainville",
    "long_coor1": 2.439625,
    "lat_coor1": 48.886182,
    "phone_number": "+33141831785",
    "business_hours": {
      "Lundi": "08:00-12:00 14:00-18:00",
      "Mardi": "08:00-12:00 14:00-18:00",
      "Mercredi": "08:00-12:00 14:00-18:00",
      "Jeudi": "08:00-12:00 14:00-18:00",
      "Vendredi": "08:00-12:00 14:00-18:00",
      "Samedi": "08:00-12:00 14:00-18:00",
      "Dimanche": "08:00-12:00 14:00-18:00"
    }
  },
  {
    "gid": "600056f4",
    "nom": "Centre de vaccination - MONTMEDY et MARVILLE",
    "rdv_site_web": "https://www.maiia.com/centre-de-vaccination/55600-montmedy/centre-de-vaccination---montmedy-et-marville?centerid=600056f47f9ff61ee1d5d2ce",
    "type": "vaccination-center",
    "vaccine_type": [
      "Pfizer-BioNTech"
    ],
    "com_cp": "55600",
    "com_insee": "55351",
    "address": "Salle des f\u00eates, Place Eiug\u00e8ne Tronville 55600 Montm\u00e9dy",
    "long_coor1": 5.368532,
    "lat_coor1": 49.521134,
    "phone_number": "",
    "business_hours": {
      "Lundi": "08:00-12:00 14:00-18:00",
      "Mardi": "08:00-12:00 14:00-18:00",
      "Mercredi": "08:00-12:00 14:00-18:00",
      "Jeudi": "08:00-12:00 14:00-18:00",
      "Vendredi": "08:00-12:00 14:00-18:00",
      "Samedi": "08:00-12:00 14:00-18:00",
      "Dimanche": "08:00-12:00 14:00-18:00"
    }
  },
  {
    "gid": "60006602",
    "nom": "CENTRE DE VACCINATION COVID - VILLE DE COLOMBES",
    "rdv_site_web": "https://www.maiia.com/centre-de-vaccination/92700-colombes/centre-de-vaccination-covid---ville-de-colombes?centerid=6000660219fa1c60a4ff65e9",
    "type": "vaccination-center",
    "vaccine_type": [
      "ARNm"
    ],
    "com_cp": "92700",
    "com_insee": "92025",
    "address": "GYMNASE AMBROISE PARE 140 rue Saint Denis 92700 COLOMBES",
    "long_coor1": 2.24675160629,
    "lat_coor1": 48.9225179147,
    "phone_number": "+33805119395",
    "business_hours": {
      "Lundi": "08:30-20:30",
      "Mardi": "08:30-20:30",
      "Mercredi": "08:30-20:30",
      "Jeudi": "08:30-20:30",
      "Vendredi": "08:30-20:30",
      "Samedi": "08:30-20:30",
      "Dimanche": "08:30-20:30"
    }
  },
  {
    "gid": "60007456",
    "nom": "Centre de vaccination - MANOSQUE",
    "rdv_site_web": "https://www.maiia.com/centre-de-vaccination/04100-manosque/centre-de-vaccination---manosque?centerid=6000745619fa1c60a4ff66b7",
    "type": "vaccination-center",
    "vaccine_type": [
      "Pfizer-BioNTech"
    ],
    "com_cp": "04100",
    "com_insee": "04112",
    "address": "611 Avenue du Moulin Neuf 04100 Manosque",
    "long_coor1": 5.797885,
    "lat_coor1": 43.827741,
    "phone_number": "+33492703456",
    "business_hours": {
      "Lundi": "08:30-12:30 13:30-17:30",
      "Mardi": "08:30-12:30 13:30-17:30",
      "Mercredi": "08:30-12:30 13:30-17:30",
      "Jeudi": "08:30-12:30 13:30-17:30",
      "Vendredi": "08:30-12:30 13:30-17:30",
      "Samedi": "08:30-12:30 13:30-17:30",
      "Dimanche": "08:30-12:30 13:30-17:30"
    }
  },
  {
    "gid": "60015d08",
    "nom": "Centre de vaccination des luys",
    "rdv_site_web": "https://www.maiia.com/centre-de-vaccination/64410-arzacq-arraziguet/centre-de-vaccination-des-luys?centerid=60015d08deaeb0749c6979c9",
    "type": "vaccination-center",
    "vaccine_type": [
      "ARNm"
    ],
    "com_cp": "64410",
    "com_insee": "64063",
    "address": "GEORGES DONNEY 64410 Arzacq-Arraziguet",
    "long_coor1": -0.410024,
    "lat_coor1": 43.53775,
    "phone_number": "+33533097396",
    "business_hours": {
      "Lundi": "08:00-12:00 14:00-18:00",
      "Mardi": "08:00-12:00 14:00-18:00",
      "Mercredi": "08:00-12:00 14:00-18:00",
      "Jeudi": "08:00-12:00 14:00-18:00",
      "Vendredi": "08:00-12:00 14:00-18:00",
      "Samedi": "08:00-12:00 14:00-18:00",
      "Dimanche": "08:00-12:00 14:00-18:00"
    }
  },
  {
    "gid": "60017040",
    "nom": "Centre de vaccination - CHI de Villeneuve-Saint-Georges",
    "rdv_site_web": "https://www.maiia.com/centre-de-vaccination/94190-villeneuve-saint-georges/centre-de-vaccination---chi-de-villeneuve-saint-georges?centerid=6001704008fa3a60d6d1b0aa",
    "type": "vaccination-center",
    "vaccine_type": [
      "Pfizer-BioNTech",
      "ARNm"
    ],
    "com_cp": "94190",
    "com_insee": "94078",
    "address": "40 All\u00e9e de la Source 94190 Villeneuve-Saint-Georges",
    "long_coor1": 2.450239,
    "lat_coor1": 48.723306,
    "phone_number": "+33143862150",
    "business_hours": {
      "Lundi": "09:00-16:30",
      "Mardi": "09:00-16:30",
      "Mercredi": "09:00-16:30",
      "Jeudi": "09:00-16:30",
      "Vendredi": "09:00-16:30",
      "Samedi": "09:00-16:30",
      "Dimanche": "09:00-16:30"
    }
  },
  {
    "gid": "60019d5f",
    "nom": "Centre de vaccination - rue Louis Astruc - Ville de Marseille",
    "rdv_site_web": "https://www.maiia.com/centre-de-vaccination/13005-marseille/centre-de-vaccination---rue-louis-astruc---ville-de-marseille?centerid=60019d5f08fa3a60d6d25fe5",
    "type": "vaccination-center",
    "vaccine_type": [
      "ARNm"
    ],
    "com_cp": "13005",
    "com_insee": "13205",
    "address": "23 Rue Louis Astruc 13005 Marseille",
    "long_coor1": 5.395833,
    "lat_coor1": 43.29421,
    "phone_number": "",
    "business_hours": {
      "Lundi": "08:00-12:00 14:00-18:00",
      "Mardi": "08:00-12:00 14:00-18:00",
      "Mercredi": "08:00-12:00 14:00-18:00",
      "Jeudi": "08:00-12:00 14:00-18:00",
      "Vendredi": "08:00-12:00 14:00-18:00",
      "Samedi": "08:00-12:00 14:00-18:00",
      "Dimanche": "08:00-12:00 14:00-18:00"
    }
  },
  {
    "gid": "60045bdc",
    "nom": "Centre de vaccination - Centre Moriani (Plaine orientale nord)",
    "rdv_site_web": "https://www.maiia.com/centre-de-vaccination/20230-san-nicolao/centre-de-vaccination---centre-moriani--plaine-orientale-nord-?centerid=60045bdc6ca5de6f1d289219",
    "type": "vaccination-center",
    "vaccine_type": [
      "Pfizer-BioNTech"
    ],
    "com_cp": "20230",
    "com_insee": "2B313",
    "address": "Le Chalet 20230 San-Nicolao",
    "long_coor1": 9.532277777777779,
    "lat_coor1": 42.3755556,
    "phone_number": "+33495604021",
    "business_hours": {
      "Lundi": "09:00-12:00 15:00-18:00",
      "Mardi": "09:00-12:00 15:00-18:00",
      "Mercredi": "09:00-12:00 15:00-18:00",
      "Jeudi": "09:00-12:00 15:00-18:00",
      "Vendredi": "09:00-12:00 15:00-18:00",
      "Samedi": "09:00-12:00 15:00-18:00",
      "Dimanche": "09:00-12:00 15:00-18:00"
    }
  },
  {
    "gid": "60058639",
    "nom": "Centre de Vaccination - MAISON DE SANTE AMOU",
    "rdv_site_web": "https://www.maiia.com/centre-de-vaccination/40330-amou/centre-de-vaccination---maison-de-sante-amou?centerid=60058639e4e80549d8cb9d3e",
    "type": "vaccination-center",
    "vaccine_type": [],
    "com_cp": "40330",
    "com_insee": "\t40002",
    "address": "Salle De l'Etoile 24 Avenue De La Digue 40330 AMOU",
    "long_coor1": -0.743678079626,
    "lat_coor1": 43.5938659835,
    "phone_number": "",
    "business_hours": {
      "Lundi": "08:30-12:30 13:30-17:30",
      "Mardi": "08:30-12:30 13:30-17:30",
      "Mercredi": "08:30-12:30 13:30-17:30",
      "Jeudi": "08:30-12:30 13:30-17:30",
      "Vendredi": "08:30-12:30 13:30-17:30",
      "Samedi": "08:30-12:30 13:30-17:30",
      "Dimanche": "08:30-12:30 13:30-17:30"
    }
  },
  {
    "gid": "600599c2",
    "nom": "Centre de Vaccination - GYMNASE DE KERGREIS ",
    "rdv_site_web": "https://www.maiia.com/centre-de-vaccination/29800-landerneau/centre-de-vaccination---gymnase-de-kergreis-?centerid=600599c2e4e80549d8cb9eaa",
    "type": "vaccination-center",
    "vaccine_type": [
      "ARNm"
    ],
    "com_cp": "29800",
    "com_insee": "29295",
    "address": "Stade De Kergreis 29800 Landerneau",
    "long_coor1": -4.28247,
    "lat_coor1": 48.45256,
    "phone_number": "",
    "business_hours": {
      "Lundi": "08:00-12:00 14:00-18:00",
      "Mardi": "08:00-12:00 14:00-18:00",
      "Mercredi": "08:00-12:00 14:00-18:00",
      "Jeudi": "08:00-12:00 14:00-18:00",
      "Vendredi": "08:00-12:00 14:00-18:00",
      "Samedi": "08:00-12:00 14:00-18:00",
      "Dimanche": "08:00-12:00 14:00-18:00"
    }
  },
  {
    "gid": "6005bad4",
    "nom": "Centre de vaccination de la Plaine de l'Ain",
    "rdv_site_web": "https://www.maiia.com/centre-de-vaccination/01500-amberieu-en-bugey/centre-de-vaccination-de-la-plaine-de-l-ain?centerid=6005bad42475225a68a3f19f",
    "type": "vaccination-center",
    "vaccine_type": [
      "Pfizer-BioNTech"
    ],
    "com_cp": "01500",
    "com_insee": "01004",
    "address": "10 Rue L\u00e9on Blum 01500 Amb\u00e9rieu-en-Bugey",
    "long_coor1": 5.348146,
    "lat_coor1": 45.960048,
    "phone_number": "+33428640049",
    "business_hours": {
      "Lundi": "08:30-12:25 14:00-17:55",
      "Mardi": "08:30-12:25 14:00-17:55",
      "Mercredi": "08:30-12:25 14:00-17:55",
      "Jeudi": "08:30-12:25 14:00-17:55",
      "Vendredi": "08:30-12:25 14:00-17:55",
      "Samedi": "08:30-12:25 14:00-17:55",
      "Dimanche": "08:30-12:25 14:00-17:55"
    }
  },
  {
    "gid": "60068610",
    "nom": "Centre de vaccination - LESNEVEN",
    "rdv_site_web": "https://www.maiia.com/centre-de-vaccination/29260-lesneven/centre-de-vaccination---lesneven?centerid=600686103b987b202a404143",
    "type": "vaccination-center",
    "vaccine_type": [
      "Pfizer-BioNTech"
    ],
    "com_cp": "29260",
    "com_insee": "29124",
    "address": "L'atelier Rue Jeanne d'Arc  29260 LESNEVEN",
    "long_coor1": -4.31293757639,
    "lat_coor1": 48.5801251196,
    "phone_number": "",
    "business_hours": {
      "Lundi": "08:30-19:00",
      "Mardi": "08:30-19:00",
      "Mercredi": "08:30-19:00",
      "Jeudi": "08:30-19:00",
      "Vendredi": "08:30-19:00",
      "Samedi": "08:30-19:00",
      "Dimanche": "08:30-19:00"
    }
  },
  {
    "gid": "6006b050",
    "nom": "Centre de Vaccination - Rillieux la Pape",
    "rdv_site_web": "https://www.maiia.com/centre-de-vaccination/69140-rillieux-la-pape/centre-de-vaccination---rillieux-la-pape?centerid=6006b05090cb277506450ee4",
    "type": "vaccination-center",
    "vaccine_type": [
      "Pfizer-BioNTech"
    ],
    "com_cp": "69140",
    "com_insee": "69286",
    "address": "Place Vedun 69140 Rillieux-la-Pape",
    "long_coor1": 4.89682,
    "lat_coor1": 45.821058,
    "phone_number": "",
    "business_hours": {
      "Lundi": "10:00-14:00 14:01-18:00",
      "Mardi": "10:00-14:00 14:01-18:00",
      "Mercredi": "10:00-14:00 14:01-18:00",
      "Jeudi": "10:00-14:00 14:01-18:00",
      "Vendredi": "10:00-14:00 14:01-18:00",
      "Samedi": "10:00-14:00 14:01-18:00",
      "Dimanche": "09:00-14:00 14:01-18:00"
    }
  },
  {
    "gid": "6006bebd",
    "nom": "Centre de vaccination Covid-19 de Labrit",
    "rdv_site_web": "https://www.maiia.com/centre-de-vaccination/40420-labrit/centre-de-vaccination-covid-19-de-labrit?centerid=6006bebd3b987b202a4042fe",
    "type": "vaccination-center",
    "vaccine_type": [
      "ARNm"
    ],
    "com_cp": "40420",
    "com_insee": "40135",
    "address": "salle de f\u00eates 40420 Labrit",
    "long_coor1": -0.546164,
    "lat_coor1": 44.104913,
    "phone_number": "",
    "business_hours": {
      "Lundi": "08:30-12:30 13:30-17:30",
      "Mardi": "08:30-12:30 13:30-17:30",
      "Mercredi": "08:30-12:30 13:30-17:30",
      "Jeudi": "08:30-12:30 13:30-17:30",
      "Vendredi": "08:30-12:30 13:30-17:30",
      "Samedi": "08:30-12:30 13:30-17:30",
      "Dimanche": "08:30-12:30 13:30-17:30"
    }
  },
  {
    "gid": "6006f901",
    "nom": "Centre intercommunal de vaccination de Boll\u00e8ne",
    "rdv_site_web": "https://www.maiia.com/centre-de-vaccination/84500-bollene/centre-intercommunal-de-vaccination-de-bollene?centerid=6006f901cd19c5464610ec42",
    "type": "vaccination-center",
    "vaccine_type": [
      "Pfizer-BioNTech"
    ],
    "com_cp": "84500",
    "com_insee": "84019",
    "address": "2483 Avenue Jean Moulin 84500 Boll\u00e8ne",
    "long_coor1": 4.753102,
    "lat_coor1": 44.291295,
    "phone_number": "+33465796579",
    "business_hours": {
      "Lundi": "14:00-17:00",
      "Mardi": "09:00-12:00",
      "Mercredi": "09:00-12:00",
      "Jeudi": "09:00-12:00",
      "Vendredi": "09:00-12:00",
      "Samedi": "08:00-12:00 14:00-18:00",
      "Dimanche": "08:00-12:00 14:00-18:00"
    }
  },
  {
    "gid": "60071225",
    "nom": "Centre de Vaccination Territorial de RETIERS ",
    "rdv_site_web": "https://www.maiia.com/centre-de-vaccination/35240-retiers/centre-de-vaccination-territorial-de-retiers-?centerid=60071225cd19c5464610ecfd",
    "type": "vaccination-center",
    "vaccine_type": [
      "Pfizer-BioNTech"
    ],
    "com_cp": "35240",
    "com_insee": "35239",
    "address": "Rue Victor hugo 35240 Retiers",
    "long_coor1": -1.374349,
    "lat_coor1": 47.912604,
    "phone_number": "",
    "business_hours": {
      "Lundi": "07:30-13:00 14:00-20:30",
      "Mardi": "07:30-13:00 14:00-20:30",
      "Mercredi": "07:30-13:00 14:00-20:30",
      "Jeudi": "07:30-13:00 14:00-20:30",
      "Vendredi": "07:30-13:00 14:00-20:30",
      "Samedi": "07:30-13:00 14:00-20:30",
      "Dimanche": "07:30-13:00 14:00-20:30"
    }
  },
  {
    "gid": "6008620a",
    "nom": " Centre de vaccination - MEDICO SOCIAL DE SAINT BARTHELEMY",
    "rdv_site_web": "https://www.maiia.com/centre-de-vaccination/97133-saint-barthelemy/-centre-de-vaccination---medico-social-de-saint-barthelemy?centerid=6008620ab646de355c797367",
    "type": "vaccination-center",
    "vaccine_type": [
      "Pfizer-BioNTech"
    ],
    "com_cp": "97133",
    "com_insee": "97701",
    "address": "Gustavia Rue Auguste Nyman   97133 Saint Barthelemy",
    "phone_number": "",
    "business_hours": {
      "Lundi": "08:00-12:00 14:00-18:00",
      "Mardi": "08:00-12:00 14:00-18:00",
      "Mercredi": "08:00-12:00 14:00-18:00",
      "Jeudi": "08:00-12:00 14:00-18:00",
      "Vendredi": "08:00-12:00 14:00-18:00",
      "Samedi": "08:00-12:00 14:00-18:00",
      "Dimanche": "08:00-12:00 14:00-18:00"
    }
  },
  {
    "gid": "600c422a",
    "nom": "Centre de Vaccination CCI Arles",
    "rdv_site_web": "https://www.maiia.com/centre-de-vaccination/13200-arles/centre-de-vaccination-cci-arles?centerid=600c422a9ddc145c9ed23b7f",
    "type": "vaccination-center",
    "vaccine_type": [
      "Pfizer-BioNTech"
    ],
    "com_cp": "13200",
    "com_insee": "13004",
    "address": "Avenue 1\u00e8re Div Fran\u00e7ais libre 13200 Arles",
    "long_coor1": 4.6183,
    "lat_coor1": 43.67169,
    "phone_number": "+33465494310",
    "business_hours": {
      "Lundi": "09:00-16:30",
      "Mardi": "09:00-16:30",
      "Mercredi": "09:00-16:30",
      "Jeudi": "09:00-16:30",
      "Vendredi": "09:00-16:30",
      "Samedi": "09:00-12:30"
    }
  },
  {
    "gid": "6012bfc4",
    "nom": "Centre de vaccination - Mairie 15 et 16 ville de Marseille",
    "rdv_site_web": "https://www.maiia.com/centre-de-vaccination/13015-marseille/centre-de-vaccination---mairie-15-et-16-ville-de-marseille?centerid=6012bfc4df9dd7231a1dbbbe",
    "type": "vaccination-center",
    "vaccine_type": [
      "Moderna"
    ],
    "com_cp": "13015",
    "com_insee": "13215",
    "address": "246 Rue de Lyon 13015 Marseille",
    "long_coor1": 5.364614,
    "lat_coor1": 43.332255,
    "phone_number": "",
    "business_hours": {
      "Lundi": "08:00-12:00 14:00-18:00",
      "Mardi": "08:00-12:00 14:00-18:00",
      "Mercredi": "08:00-12:00 14:00-18:00",
      "Jeudi": "08:00-12:00 14:00-18:00",
      "Vendredi": "08:00-12:00 14:00-18:00",
      "Samedi": "08:00-12:00 14:00-18:00",
      "Dimanche": "08:00-12:00 14:00-18:00"
    }
  },
  {
    "gid": "6024fd17",
    "nom": "Centre de vaccination VAUCOULEURS",
    "rdv_site_web": "https://www.maiia.com/centre-de-vaccination/55140-vaucouleurs/centre-de-vaccination-vaucouleurs?centerid=6024fd171dc0b7275b739f10",
    "type": "vaccination-center",
    "vaccine_type": [
      "Pfizer-BioNTech"
    ],
    "com_cp": "55140",
    "com_insee": "55533",
    "address": "3 Rue des Tanneries 55140 Vaucouleurs",
    "long_coor1": 5.667095,
    "lat_coor1": 48.604227,
    "phone_number": "",
    "business_hours": {
      "Lundi": "08:00-12:00 14:00-18:00",
      "Mardi": "08:00-12:00 14:00-18:00",
      "Mercredi": "08:00-12:00 14:00-18:00",
      "Jeudi": "08:00-12:00 14:00-18:00",
      "Vendredi": "08:00-12:00 14:00-18:00",
      "Samedi": "08:00-12:00 14:00-18:00",
      "Dimanche": "08:00-12:00 14:00-18:00"
    }
  },
  {
    "gid": "602ff4cc",
    "nom": "Centre de Vaccination \u2013 Gymnase Saint Roch, Bourg en Bresse",
    "rdv_site_web": "https://www.maiia.com/centre-de-vaccination/01000-bourg-en-bresse/centre-de-vaccination---gymnase-saint-roch--bourg-en-bresse?centerid=602ff4cc423df27f1cb576f0",
    "type": "vaccination-center",
    "vaccine_type": [
      "Pfizer-BioNTech"
    ],
    "com_cp": "01000",
    "com_insee": "01053",
    "address": "20 Rue Charles Demia 01000 Bourg-en-Bresse",
    "long_coor1": 5.228277600557056,
    "lat_coor1": 46.19422686000424,
    "phone_number": "",
    "business_hours": {
      "Lundi": "09:00-13:00 13:30-19:00",
      "Mardi": "09:00-13:00 13:30-19:00",
      "Mercredi": "09:00-13:00 13:30-19:00",
      "Jeudi": "09:00-13:00 13:30-19:00",
      "Vendredi": "09:00-13:00 13:30-19:00",
      "Samedi": "09:00-13:00 13:30-19:00",
      "Dimanche": "09:00-13:00 13:30-19:00"
    }
  },
  {
    "gid": "6033785b",
    "nom": "Centre de Vaccination - Pierrefitte sur Aire",
    "rdv_site_web": "https://www.maiia.com/centre-de-vaccination/55260-pierrefitte-sur-aire/centre-de-vaccination---pierrefitte-sur-aire?centerid=6033785b423df27f1cb57805",
    "type": "vaccination-center",
    "vaccine_type": [
      "Pfizer-BioNTech"
    ],
    "com_cp": "55260",
    "com_insee": "55404",
    "address": "3 Salle de la mairie, Rue de Cond\u00e9 55260 Pierrefitte-sur-Aire",
    "long_coor1": 5.329514,
    "lat_coor1": 48.898487,
    "phone_number": "",
    "business_hours": {
      "Lundi": "08:00-12:00 14:00-18:00",
      "Mardi": "08:00-12:00 14:00-18:00",
      "Mercredi": "08:00-12:00 14:00-18:00",
      "Jeudi": "08:00-12:00 14:00-18:00",
      "Vendredi": "08:00-12:00 14:00-18:00",
      "Samedi": "08:00-12:00 14:00-18:00",
      "Dimanche": "08:00-12:00 14:00-18:00"
    }
  },
  {
    "gid": "6033e039",
    "nom": "Centre de vaccination Le Cheylard- site principal ",
    "rdv_site_web": "https://www.maiia.com/centre-de-vaccination/07160-le-cheylard/centre-de-vaccination-le-cheylard--site-principal-?centerid=6033e0390e0f7505a337adb0",
    "type": "vaccination-center",
    "vaccine_type": [
      "Pfizer-BioNTech"
    ],
    "com_cp": "07160",
    "com_insee": "07222",
    "address": "salle des fete zone industrielle la palisse   07160 Le Cheylard",
    "long_coor1": 4.4508,
    "lat_coor1": 44.9214,
    "phone_number": "",
    "business_hours": {}
  },
  {
    "gid": "6033e2e3",
    "nom": "Centre de vaccination Saint-Martin de Valamas - site secondaire ",
    "rdv_site_web": "https://www.maiia.com/centre-de-vaccination/07310-saint-martin-de-valamas-/centre-de-vaccination-saint-martin-de-valamas---site-secondaire-?centerid=6033e2e3423df27f1cb58017",
    "type": "vaccination-center",
    "vaccine_type": [
      "Pfizer-BioNTech"
    ],
    "com_cp": "07310",
    "com_insee": "07012",
    "address": "Salle polyvalente de la commune de saint-martin de valamas 07310 Saint-Martin de valamas ",
    "long_coor1": 4.3688016,
    "lat_coor1": 44.9369832,
    "phone_number": "",
    "business_hours": {
      "Lundi": "08:00-12:00 14:00-18:00",
      "Mardi": "08:00-12:00 14:00-18:00",
      "Mercredi": "08:00-12:00 14:00-18:00",
      "Jeudi": "08:00-12:00 14:00-18:00",
      "Vendredi": "08:00-12:00 14:00-18:00",
      "Samedi": "08:00-12:00 14:00-18:00",
      "Dimanche": "08:00-12:00 14:00-18:00"
    }
  },
  {
    "gid": "603cca76",
    "nom": "Centre de Vaccination - Beaumont Sur Sarthe",
    "rdv_site_web": "https://www.maiia.com/centre-de-vaccination/72170-beaumont-sur-sarthe/centre-de-vaccination---beaumont-sur-sarthe?centerid=603cca7668359b1abff14c7b",
    "type": "vaccination-center",
    "vaccine_type": [
      "ARNm"
    ],
    "com_cp": "72170",
    "com_insee": "72029",
    "address": "8 Avenue du Joncheray 72170 Beaumont-sur-Sarthe",
    "long_coor1": 0.132621,
    "lat_coor1": 48.228417,
    "phone_number": "+33290870180",
    "business_hours": {
      "Lundi": "14:00-17:30",
      "Mardi": "14:00-17:30",
      "Mercredi": "14:00-17:30",
      "Jeudi": "14:00-17:30",
      "Vendredi": "09:30-13:00 14:00-17:30",
      "Samedi": "14:00-17:30",
      "Dimanche": "14:00-17:30"
    }
  },
  {
    "gid": "6048822b",
    "nom": "Centre de vaccination COVID - Stade V\u00e9lodrome - Ville de Marseille",
    "rdv_site_web": "https://www.maiia.com/centre-de-vaccination/13008-marseille/centre-de-vaccination-covid---stade-velodrome---ville-de-marseille?centerid=6048822b87f983173a70cdc5",
    "type": "vaccination-center",
    "vaccine_type": [
      "Moderna",
      "Pfizer-BioNTech"
    ],
    "com_cp": "13008",
    "com_insee": "13208",
    "address": "all\u00e9e ray grassi 13008 Marseille",
    "long_coor1": 5.39703,
    "lat_coor1": 43.27105,
    "phone_number": "",
    "business_hours": {
      "Lundi": "08:00-12:00 14:00-18:00",
      "Mardi": "08:00-12:00 14:00-18:00",
      "Mercredi": "08:00-12:00 14:00-18:00",
      "Jeudi": "08:00-12:00 14:00-18:00",
      "Vendredi": "08:00-12:00 14:00-18:00",
      "Samedi": "08:00-12:00 14:00-18:00",
      "Dimanche": "08:00-12:00 14:00-18:00"
    }
  },
  {
    "gid": "60587ff8",
    "nom": "Centre de vaccination des Luys en B\u00e9arn / Serres-Castet",
    "rdv_site_web": "https://www.maiia.com/centre-de-vaccination/64121-serres-castet/centre-de-vaccination-des-luys-en-bearn---serres-castet?centerid=60587ff8153df929721cb873",
    "type": "vaccination-center",
    "vaccine_type": [
      "Pfizer-BioNTech"
    ],
    "com_cp": "64121",
    "com_insee": "64519",
    "address": "Trinquet 64121 Serres-Castet",
    "long_coor1": -0.357584,
    "lat_coor1": 43.387093,
    "phone_number": "",
    "business_hours": {
      "Lundi": "08:30-12:30",
      "Mardi": "08:30-12:30",
      "Mercredi": "08:30-12:30",
      "Jeudi": "08:30-12:30",
      "Vendredi": "08:30-12:30",
      "Samedi": "08:30-12:30",
      "Dimanche": "08:30-12:30"
    }
  },
  {
    "gid": "6059cf01",
    "nom": "Centre de vaccination Covid - Chateaurenard de Provence",
    "rdv_site_web": "https://www.maiia.com/centre-de-vaccination/13160-chateaurenard/centre-de-vaccination-covid---chateaurenard-de-provence?centerid=6059cf01d254f158baffc388",
    "type": "vaccination-center",
    "vaccine_type": [
      "Pfizer-BioNTech"
    ],
    "com_cp": "13160",
    "com_insee": "13110",
    "address": "place des allees marcel jullian 13160 chateaurenard",
    "long_coor1": 5.6999524319,
    "lat_coor1": 43.4378087269,
    "phone_number": "+33490243536",
    "business_hours": {
      "Lundi": "08:30-12:30 13:30-17:30",
      "Mardi": "08:30-12:30 13:30-17:30",
      "Mercredi": "08:30-12:30 13:30-17:30",
      "Jeudi": "08:30-12:30 13:30-17:30",
      "Vendredi": "08:30-12:30 13:30-17:30",
      "Samedi": "08:30-12:30 13:30-17:30",
      "Dimanche": "08:30-12:30 13:30-17:30"
    }
  },
  {
    "gid": "605a0b7e",
    "nom": "Centre de Vaccination de Dombes",
    "rdv_site_web": "https://www.maiia.com/centre-de-vaccination/01330-villars-les-dombes/centre-de-vaccination-de-dombes?centerid=605a0b7ed254f158baffc4d7",
    "type": "vaccination-center",
    "vaccine_type": [
      "ARNm",
      "Pfizer-BioNTech"
    ],
    "com_cp": "01330",
    "com_insee": "01443",
    "address": "114 Rue de dombes 01330 Villars-les-Dombes",
    "long_coor1": 5.02658,
    "lat_coor1": 46.000483,
    "phone_number": "",
    "business_hours": {
      "Lundi": "09:00-13:00",
      "Mardi": "09:00-13:00",
      "Mercredi": "09:00-13:00",
      "Jeudi": "13:00-17:00",
      "Vendredi": "09:00-13:00"
    }
  },
  {
    "gid": "60618728",
    "nom": "Vaccination MODERNA / AstraZeneca MSP de l\u2019Adour ",
    "rdv_site_web": "https://www.maiia.com/centre-de-vaccination/40800-aire-sur-l-adour/vaccination-moderna---astrazeneca-msp-de-l-adour-?centerid=606187286a4ba23f95fc3a91",
    "type": "vaccination-center",
    "vaccine_type": [
      "AstraZeneca",
      "Moderna"
    ],
    "com_cp": "40800",
    "com_insee": "40001",
    "address": "4  rue Ren\u00e9 Mericam Centre de vaccination Aire sur l\u2019Adour, Salle de l\u2019orangerie  40800 Aire-sur-l'Adour",
    "long_coor1": -0.263435,
    "lat_coor1": 43.700722,
    "phone_number": "",
    "business_hours": {
      "Lundi": "08:00-12:00 14:00-18:00",
      "Mardi": "08:00-12:00 14:00-18:00",
      "Mercredi": "08:00-12:00 14:00-18:00",
      "Jeudi": "08:00-12:00 14:00-18:00",
      "Vendredi": "08:00-12:00 14:00-18:00",
      "Samedi": "08:00-12:00 14:00-18:00",
      "Dimanche": "08:00-12:00 14:00-18:00"
    }
  },
  {
    "gid": "606c1317",
    "nom": "Centre de vaccination d\u00e9partemental - Montfavet",
    "rdv_site_web": "https://www.maiia.com/centre-de-vaccination/84140-avignon/centre-de-vaccination-departemental---montfavet?centerid=606c1317c3c4ff5db63884a1",
    "type": "vaccination-center",
    "vaccine_type": [
      "ARNm"
    ],
    "com_cp": "84140",
    "com_insee": "84007",
    "address": "246 Rue Felicien Florent Mft 84140 Avignon",
    "long_coor1": 4.887078,
    "lat_coor1": 43.91765,
    "phone_number": "",
    "business_hours": {
      "Lundi": "08:00-12:00 14:00-18:00",
      "Mardi": "08:00-12:00 14:00-18:00",
      "Mercredi": "08:00-12:00 14:00-18:00",
      "Jeudi": "08:00-12:00 14:00-18:00",
      "Vendredi": "08:00-12:00 14:00-18:00",
      "Samedi": "08:00-12:00 14:00-18:00",
      "Dimanche": "08:00-12:00 14:00-18:00"
    }
  },
  {
    "gid": "606db8db",
    "nom": "Centre de vaccination du Guillestrois-Queyras ",
    "rdv_site_web": "https://www.maiia.com/centre-de-vaccination/05600--guillestre/centre-de-vaccination-du-guillestrois-queyras-?centerid=606db8dbf3c4b366bcc0d7a5",
    "type": "vaccination-center",
    "vaccine_type": [
      "Pfizer-BioNTech"
    ],
    "com_cp": "05600 ",
    "com_insee": "05065",
    "address": "Place d'Italie 05600  Guillestre",
    "long_coor1": 6.6554842,
    "lat_coor1": 44.66277695,
    "phone_number": "+33492454530",
    "business_hours": {
      "Lundi": "08:30-17:30",
      "Mardi": "08:30-17:30",
      "Mercredi": "08:30-17:30",
      "Jeudi": "08:30-17:30",
      "Vendredi": "08:30-17:30",
      "Samedi": "08:30-17:30",
      "Dimanche": "08:30-17:30"
    }
  },
  {
    "gid": "6091338e",
    "nom": "Centre de vaccination - SDIS PROGT",
    "rdv_site_web": "https://www.maiia.com/centre-de-vaccination/97351--matoury/centre-de-vaccination---sdis-progt?centerid=6091338ea8637a3a5d932dc1",
    "type": "vaccination-center",
    "vaccine_type": [
      "Pfizer-BioNTech"
    ],
    "com_cp": "97351 ",
    "com_insee": "97302",
    "address": "Palais R\u00e9gional Omnisport Georges Theolade Balata Abriba 97351  Matoury",
    "long_coor1": -52.323087,
    "lat_coor1": 4.931755,
    "phone_number": "+33594397333",
    "business_hours": {
      "Lundi": "07:30-16:00",
      "Mardi": "07:30-16:00",
      "Mercredi": "07:30-16:00",
      "Jeudi": "07:30-16:00",
      "Vendredi": "07:30-16:00",
      "Samedi": "07:30-16:00",
      "Dimanche": "07:30-16:00"
    }
  },
  {
    "gid": "5f198aa5",
    "nom": "Pharmacie de Pont Croix",
    "rdv_site_web": "https://www.maiia.com/pharmacie/29790-pont-croix/pharmacie-de-pont-croix?centerid=5f198aa53e8f5f018a15e903",
    "type": "drugstore",
    "vaccine_type": [
      "AstraZeneca"
    ],
    "com_cp": "29790",
    "com_insee": "29218",
    "address": "2 Place du 8 Mai 1945 29790 Pont-Croix",
    "long_coor1": -4.489253,
    "lat_coor1": 48.042386,
    "phone_number": "+33298704059",
    "business_hours": {
      "Lundi": "09:00-19:30",
      "Mardi": "09:00-19:30",
      "Mercredi": "09:00-19:30",
      "Jeudi": "09:00-19:30",
      "Vendredi": "09:00-19:30",
      "Samedi": "09:00-12:00",
      "Dimanche": "09:00-19:30"
    }
  },
  {
    "gid": "5fa28ced",
    "nom": "Pharmacie Guildo",
    "rdv_site_web": "https://www.maiia.com/pharmacie/22380-saint-cast-le-guildo/pharmacie-guildo?centerid=5fa28cedbaf1175842a308f3",
    "type": "drugstore",
    "vaccine_type": [
      "AstraZeneca"
    ],
    "com_cp": "22380",
    "com_insee": "22282",
    "address": "22 Rue de la Croix aux Merles 22380 Saint-Cast-le-Guildo",
    "long_coor1": -2.234704,
    "lat_coor1": 48.582536,
    "phone_number": "+33296411726",
    "business_hours": {
      "Lundi": "09:00-12:15 14:00-19:00",
      "Mardi": "09:00-12:15 14:00-19:00",
      "Mercredi": "09:00-12:15 14:00-19:00",
      "Jeudi": "09:00-12:15 14:00-19:00",
      "Vendredi": "09:00-12:15 14:00-19:00",
      "Samedi": "09:00-12:15"
    }
  },
  {
    "gid": "5fd9cf18",
    "nom": "Pharmacie Bignon",
    "rdv_site_web": "https://www.maiia.com/pharmacie/24120-terrasson-lavilledieu/pharmacie-bignon?centerid=5fd9cf18a0258412cd81986e",
    "type": "drugstore",
    "vaccine_type": [
      "AstraZeneca"
    ],
    "com_cp": "24120",
    "com_insee": "24547",
    "address": "2 Rue du Gouv General Cournarie 24120 Terrasson-Lavilledieu",
    "long_coor1": 1.302779,
    "lat_coor1": 45.128594,
    "phone_number": "+33553500073",
    "business_hours": {
      "Lundi": "14:15-19:30",
      "Mardi": "09:00-12:30 14:15-19:30",
      "Mercredi": "09:00-12:30 14:15-19:30",
      "Jeudi": "09:00-12:30 14:15-19:30",
      "Vendredi": "09:00-12:30 14:15-19:30",
      "Samedi": "09:00-12:30 14:15-19:00",
      "Dimanche": "09:00-12:30 14:15-19:30"
    }
  },
  {
    "gid": "5fdb8259",
    "nom": "Pharmacie de Ventadour",
    "rdv_site_web": "https://www.maiia.com/pharmacie/19300-egletons/pharmacie-de-ventadour?centerid=5fdb82590a52e53db23040a3",
    "type": "drugstore",
    "vaccine_type": [
      "AstraZeneca"
    ],
    "com_cp": "19300",
    "com_insee": "19073",
    "address": "75 Avenue Charles de Gaulle 19300 \u00c9gletons",
    "long_coor1": 2.046284,
    "lat_coor1": 45.403403,
    "phone_number": "+33555930245",
    "business_hours": {
      "Lundi": "09:00-12:00 14:00-19:00",
      "Mardi": "09:00-12:00 14:00-19:00",
      "Mercredi": "09:00-12:00 14:00-19:00",
      "Jeudi": "09:00-12:00 14:00-19:00",
      "Vendredi": "09:00-12:00 14:00-19:00",
      "Samedi": "09:00-12:00",
      "Dimanche": "09:00-12:00 14:00-19:00"
    }
  },
  {
    "gid": "5ff82bce",
    "nom": "Pharmacie du Pont Noir",
    "rdv_site_web": "https://www.maiia.com/pharmacie/59460-jeumont/pharmacie-du-pont-noir?centerid=5ff82bcefabad2432c9bca47",
    "type": "drugstore",
    "vaccine_type": [
      "AstraZeneca"
    ],
    "com_cp": "59460",
    "com_insee": "59324",
    "address": "2 Rue d'Erquelinnes 59460 Jeumont",
    "long_coor1": 4.10209,
    "lat_coor1": 50.300343,
    "phone_number": "+33327395512",
    "business_hours": {
      "Lundi": "08:45-12:30 14:00-19:00",
      "Mardi": "08:45-12:30 14:00-19:00",
      "Mercredi": "08:45-12:30 14:00-19:00",
      "Jeudi": "08:45-12:30 14:00-19:00",
      "Vendredi": "08:45-12:30 14:00-19:00",
      "Samedi": "08:45-12:30",
      "Dimanche": "08:45-12:30 14:00-19:00"
    }
  },
  {
    "gid": "601029e3",
    "nom": "Pharmacie du Printemps",
    "rdv_site_web": "https://www.maiia.com/pharmacie/01000-saint-denis-les-bourg/pharmacie-du-printemps?centerid=601029e312d6094f0d3f595b",
    "type": "drugstore",
    "vaccine_type": [
      "AstraZeneca",
      "Janssen"
    ],
    "com_cp": "01000",
    "com_insee": "01344",
    "address": "348 Avenue de Trevoux 01000 Saint-Denis-l\u00e8s-Bourg",
    "long_coor1": 5.203018,
    "lat_coor1": 46.201239,
    "phone_number": "+33474214863",
    "business_hours": {
      "Lundi": "08:30-12:30 13:30-19:30",
      "Mardi": "08:30-12:30 13:30-19:30",
      "Mercredi": "08:30-12:30 13:30-19:30",
      "Jeudi": "08:30-12:30 13:30-19:30",
      "Vendredi": "08:30-12:30 13:30-19:30",
      "Samedi": "08:30-12:30",
      "Dimanche": "08:30-12:30 13:30-19:30"
    }
  },
  {
    "gid": "6013df72",
    "nom": "Pharmacie du Marais",
    "rdv_site_web": "https://www.maiia.com/pharmacie/62120-norrent-fontes/pharmacie-du-marais?centerid=6013df72292703309f812d58",
    "type": "drugstore",
    "vaccine_type": [
      "AstraZeneca"
    ],
    "com_cp": "62120",
    "com_insee": "62620",
    "address": "49 Route Departementale 943 62120 Norrent-Fontes",
    "long_coor1": 2.408022,
    "lat_coor1": 50.585399,
    "phone_number": "",
    "business_hours": {
      "Lundi": "08:30-12:15 14:00-19:15",
      "Mardi": "08:30-12:15 14:00-19:15",
      "Mercredi": "08:30-12:15 14:00-19:15",
      "Jeudi": "08:30-12:15 14:00-19:15",
      "Vendredi": "08:30-12:15 14:00-19:15",
      "Samedi": "08:30-12:15",
      "Dimanche": "08:30-12:15 14:00-19:15"
    }
  },
  {
    "gid": "6019508f",
    "nom": "Pharmacie Bonnefond",
    "rdv_site_web": "https://www.maiia.com/pharmacie/26200-montelimar/pharmacie-bonnefond?centerid=6019508f2a67bd089438fe06",
    "type": "drugstore",
    "vaccine_type": [
      "Pfizer-BioNTech"
    ],
    "com_cp": "26200",
    "com_insee": "26198",
    "address": "3 Rue Sainte Croix 26200 Mont\u00e9limar",
    "long_coor1": 4.749963,
    "lat_coor1": 44.558129,
    "phone_number": "+33475012905",
    "business_hours": {
      "Lundi": "09:00-12:00 14:00-19:00",
      "Mardi": "08:45-12:15 13:45-19:00",
      "Mercredi": "08:30-12:30 13:46-19:00",
      "Jeudi": "08:45-12:15 13:45-19:00",
      "Vendredi": "08:45-12:15 13:45-18:00",
      "Samedi": "08:30-12:30 13:45-19:00",
      "Dimanche": "08:00-12:00 14:00-18:00"
    }
  },
  {
    "gid": "601ac5f4",
    "nom": "Pharmacie Centrale du Valdoly",
    "rdv_site_web": "https://www.maiia.com/pharmacie/91270-vigneux-sur-seine/pharmacie-centrale-du-valdoly?centerid=601ac5f4e9d1d107d4e2904a",
    "type": "drugstore",
    "vaccine_type": [
      "AstraZeneca"
    ],
    "com_cp": "91270",
    "com_insee": "91657",
    "address": "6 Rue de la Longueraie 91270 Vigneux-sur-Seine",
    "long_coor1": 2.433692,
    "lat_coor1": 48.714202,
    "phone_number": "+33169425965",
    "business_hours": {
      "Lundi": "09:00-20:00",
      "Mardi": "09:00-20:00",
      "Mercredi": "09:00-20:00",
      "Jeudi": "09:00-20:00",
      "Vendredi": "09:00-20:00",
      "Samedi": "09:00-20:00"
    }
  },
  {
    "gid": "601ad358",
    "nom": "Pharmacie Gilles",
    "rdv_site_web": "https://www.maiia.com/pharmacie/86180-buxerolles/pharmacie-gilles?centerid=601ad35822db2c1d7435fe39",
    "type": "drugstore",
    "vaccine_type": [
      "AstraZeneca"
    ],
    "com_cp": "86180",
    "com_insee": "86041",
    "address": "24 Rue des Terrageaux 86180 Buxerolles",
    "long_coor1": 0.365374,
    "lat_coor1": 46.607606,
    "phone_number": "+33549458903",
    "business_hours": {
      "Lundi": "09:00-12:30 14:30-19:30",
      "Mardi": "09:00-12:30 14:30-19:30",
      "Mercredi": "09:00-12:30 14:30-19:30",
      "Jeudi": "09:00-12:30 14:30-19:30",
      "Vendredi": "09:00-12:30 14:30-19:30",
      "Samedi": "09:00-12:30 14:30-18:00",
      "Dimanche": "09:00-12:30 14:30-19:30"
    }
  },
  {
    "gid": "601bd96b",
    "nom": "Pharmacie des Portes de Toulon",
    "rdv_site_web": "https://www.maiia.com/pharmacie/83200-toulon/pharmacie-des-portes-de-toulon?centerid=601bd96b22db2c1d7436739f",
    "type": "drugstore",
    "vaccine_type": [
      "AstraZeneca",
      "Janssen"
    ],
    "com_cp": "83200",
    "com_insee": "83137",
    "address": "All\u00e9e des Marronniers 83200 Toulon",
    "long_coor1": 5.882873,
    "lat_coor1": 43.130363,
    "phone_number": "+33494221487",
    "business_hours": {
      "Lundi": "08:30-19:30",
      "Mardi": "08:30-19:30",
      "Mercredi": "08:30-19:30",
      "Jeudi": "08:30-19:30",
      "Vendredi": "08:30-19:30",
      "Samedi": "08:30-19:30",
      "Dimanche": "08:30-19:30"
    }
  },
  {
    "gid": "601d32a9",
    "nom": "Pharmacie du Portail Rouge",
    "rdv_site_web": "https://www.maiia.com/pharmacie/42100-saint-etienne/pharmacie-du-portail-rouge?centerid=601d32a926b6634fdf1b3bce",
    "type": "drugstore",
    "vaccine_type": [
      "AstraZeneca"
    ],
    "com_cp": "42100",
    "com_insee": "42218",
    "address": "118 Rue Crozet-Boussingault 42100 Saint-\u00c9tienne",
    "long_coor1": 4.410563,
    "lat_coor1": 45.416171,
    "phone_number": "+33477255414",
    "business_hours": {
      "Lundi": "09:00-12:30 14:30-19:15",
      "Mardi": "09:00-12:30 14:30-19:15",
      "Mercredi": "09:00-12:30 14:30-19:15",
      "Jeudi": "09:00-12:30 14:30-19:15",
      "Vendredi": "09:00-12:30 14:30-19:15",
      "Samedi": "09:00-12:15",
      "Dimanche": "09:00-12:30 14:30-19:15"
    }
  },
  {
    "gid": "601d7b53",
    "nom": "Pharmacie des 7 \u00eeles ",
    "rdv_site_web": "https://www.maiia.com/pharmacie/22730-tregastel/pharmacie-des-7-iles-?centerid=601d7b53cfc13702bff1ec41",
    "type": "drugstore",
    "vaccine_type": [
      "AstraZeneca"
    ],
    "com_cp": "22730",
    "com_insee": "22353",
    "address": "23 Place Sainte-Anne 22730 Tr\u00e9gastel",
    "long_coor1": -3.510941,
    "lat_coor1": 48.826029,
    "phone_number": "+33296234999",
    "business_hours": {
      "Lundi": "08:30-12:30 14:00-19:00",
      "Mardi": "08:30-12:30 14:00-19:00",
      "Mercredi": "08:30-12:30 14:00-19:00",
      "Jeudi": "08:30-12:30 14:00-19:00",
      "Vendredi": "08:30-12:30 14:00-19:00",
      "Samedi": "09:00-12:30 14:00-18:00",
      "Dimanche": "08:30-12:30 14:00-19:00"
    }
  },
  {
    "gid": "601d850e",
    "nom": "Pharmacie des Arbousiers",
    "rdv_site_web": "https://www.maiia.com/pharmacie/34150-aniane/pharmacie-des-arbousiers?centerid=601d850ecfc13702bff1ec63",
    "type": "drugstore",
    "vaccine_type": [
      "AstraZeneca"
    ],
    "com_cp": "34150",
    "com_insee": "34010",
    "address": "185 Avenue des Treilles 34150 Aniane",
    "long_coor1": 3.57765,
    "lat_coor1": 43.682069,
    "phone_number": "+33467577001",
    "business_hours": {
      "Lundi": "08:30-12:15 14:00-20:00",
      "Mardi": "08:30-12:15 14:00-20:00",
      "Mercredi": "08:30-12:15 14:00-20:00",
      "Jeudi": "08:30-12:15 14:00-20:00",
      "Vendredi": "08:30-12:15 14:00-20:00",
      "Samedi": "09:00-12:30 14:30-19:00",
      "Dimanche": "08:30-12:15 14:00-20:00"
    }
  },
  {
    "gid": "601d9859",
    "nom": "Pharmacie Hugot",
    "rdv_site_web": "https://www.maiia.com/pharmacie/93290-tremblay-en-france/pharmacie-hugot?centerid=601d9859cfc13702bff1ec90",
    "type": "drugstore",
    "vaccine_type": [
      "AstraZeneca"
    ],
    "com_cp": "93290",
    "com_insee": "93073",
    "address": "10 Avenue de la Paix 93290 Tremblay-en-France",
    "long_coor1": 2.567253,
    "lat_coor1": 48.951422,
    "phone_number": "+33148607351",
    "business_hours": {
      "Lundi": "09:00-18:30",
      "Mardi": "09:00-18:30",
      "Mercredi": "09:00-18:30",
      "Jeudi": "09:00-18:30",
      "Vendredi": "09:00-18:30",
      "Samedi": "09:30-12:30 13:30-18:30",
      "Dimanche": "09:00-18:30"
    }
  },
  {
    "gid": "602036af",
    "nom": "Pharmacie du March\u00e9 des Etats-Unis",
    "rdv_site_web": "https://www.maiia.com/pharmacie/69008-lyon/pharmacie-du-marche-des-etats-unis?centerid=602036af26b6634fdf1b5333",
    "type": "drugstore",
    "vaccine_type": [
      "AstraZeneca"
    ],
    "com_cp": "69008",
    "com_insee": "69388",
    "address": "139 Rue Professeur Beauvisage 69008 Lyon",
    "long_coor1": 4.866336,
    "lat_coor1": 45.728748,
    "phone_number": "+33478740163",
    "business_hours": {
      "Lundi": "14:30-19:00",
      "Mardi": "08:45-12:00 14:30-19:00",
      "Mercredi": "08:45-12:00 14:30-19:00",
      "Jeudi": "08:45-12:00 14:30-19:00",
      "Vendredi": "08:45-12:00 14:30-19:00",
      "Samedi": "08:45-12:00 14:30-19:00",
      "Dimanche": "08:45-12:00 14:00-19:00"
    }
  },
  {
    "gid": "6022c4f9",
    "nom": "Pharmacie Milhet",
    "rdv_site_web": "https://www.maiia.com/pharmacie/19000-tulle/pharmacie-milhet?centerid=6022c4f93e7833638314b969",
    "type": "drugstore",
    "vaccine_type": [
      "AstraZeneca"
    ],
    "com_cp": "19000",
    "com_insee": "19272",
    "address": "4 Rue Jean Jaur\u00e8s 19000 Tulle",
    "long_coor1": 1.76949,
    "lat_coor1": 45.265309,
    "phone_number": "+33555266500",
    "business_hours": {
      "Lundi": "14:00-19:00",
      "Mardi": "09:00-19:00",
      "Mercredi": "09:00-19:00",
      "Jeudi": "09:00-19:00",
      "Vendredi": "09:00-19:00",
      "Samedi": "09:00-12:00 14:00-18:00",
      "Dimanche": "09:00-19:00"
    }
  },
  {
    "gid": "6022d0aa",
    "nom": "Pharmacie Patin",
    "rdv_site_web": "https://www.maiia.com/pharmacie/50290-brehal/pharmacie-patin?centerid=6022d0aa3e7833638314b97a",
    "type": "drugstore",
    "vaccine_type": [
      "AstraZeneca"
    ],
    "com_cp": "50290",
    "com_insee": "50076",
    "address": "10 Rue du G\u00e9n\u00e9ral de Gaulle 50290 Br\u00e9hal",
    "long_coor1": -1.512774,
    "lat_coor1": 48.89931,
    "phone_number": "+33233616132",
    "business_hours": {
      "Lundi": "09:00-12:30 14:00-19:30",
      "Mardi": "09:00-12:30 14:00-19:30",
      "Mercredi": "09:00-12:30 14:00-19:30",
      "Jeudi": "09:00-12:30 14:00-19:30",
      "Vendredi": "09:00-12:30 14:00-19:30",
      "Samedi": "09:00-12:30 14:00-17:00",
      "Dimanche": "09:00-12:30 14:00-19:30"
    }
  },
  {
    "gid": "60252a82",
    "nom": "Pharmacie de la Fouillouse",
    "rdv_site_web": "https://www.maiia.com/pharmacie/42480-la-fouillouse/pharmacie-de-la-fouillouse?centerid=60252a821dc0b7275b739fb9",
    "type": "drugstore",
    "vaccine_type": [
      "AstraZeneca"
    ],
    "com_cp": "42480",
    "com_insee": "42097",
    "address": "56 bis Rue de la Lib\u00e9ration 42480 La Fouillouse",
    "long_coor1": 4.319441,
    "lat_coor1": 45.500586,
    "phone_number": "+33477301876",
    "business_hours": {
      "Lundi": "08:00-12:00 14:00-18:00",
      "Mardi": "08:00-12:00 14:00-18:00",
      "Mercredi": "08:00-12:00 14:00-18:00",
      "Jeudi": "08:00-12:00 14:00-18:00",
      "Vendredi": "08:00-12:00 14:00-18:00",
      "Samedi": "08:00-12:00 14:00-18:00",
      "Dimanche": "08:00-12:00 14:00-18:00"
    }
  },
  {
    "gid": "602688f5",
    "nom": "Pharmacie Centrale de Bretigny",
    "rdv_site_web": "https://www.maiia.com/pharmacie/91220-bretigny-sur-orge/pharmacie-centrale-de-bretigny?centerid=602688f514e3173a0cf088eb",
    "type": "drugstore",
    "vaccine_type": [
      "AstraZeneca"
    ],
    "com_cp": "91220",
    "com_insee": "91103",
    "address": "10 Boulevard de la R\u00e9publique 91220 Br\u00e9tigny-sur-Orge",
    "long_coor1": 2.304295,
    "lat_coor1": 48.606746,
    "phone_number": "+33169888042",
    "business_hours": {
      "Lundi": "08:30-20:00",
      "Mardi": "08:30-20:00",
      "Mercredi": "08:30-20:00",
      "Jeudi": "08:30-20:00",
      "Vendredi": "08:30-20:00",
      "Samedi": "08:30-19:00"
    }
  },
  {
    "gid": "60269b20",
    "nom": "Pharmacie du Kador",
    "rdv_site_web": "https://www.maiia.com/pharmacie/29160-crozon/pharmacie-du-kador?centerid=60269b20be88e65a696ac62a",
    "type": "drugstore",
    "vaccine_type": [
      "AstraZeneca",
      "Janssen"
    ],
    "com_cp": "29160",
    "com_insee": "29042",
    "address": "2 Rue de l\u2019Atlantique 29160 Crozon",
    "long_coor1": -4.506251,
    "lat_coor1": 48.225314,
    "phone_number": "",
    "business_hours": {
      "Lundi": "09:00-12:30 14:00-19:30",
      "Mardi": "09:00-12:30 14:00-19:30",
      "Mercredi": "09:00-12:30 14:00-19:30",
      "Jeudi": "09:00-12:30 14:00-19:30",
      "Vendredi": "09:00-12:30 14:00-19:30",
      "Samedi": "09:00-12:30 14:00-19:00"
    }
  },
  {
    "gid": "602a3599",
    "nom": "Pharmacie Gu\u00e9ziec",
    "rdv_site_web": "https://www.maiia.com/pharmacie/22700-louannec/pharmacie-gueziec?centerid=602a3599be88e65a696ae18f",
    "type": "drugstore",
    "vaccine_type": [
      "AstraZeneca",
      "Janssen"
    ],
    "com_cp": "22700",
    "com_insee": "22134",
    "address": "11 bis Avenue des Feux du Large 22700 Louannec",
    "long_coor1": -3.414289,
    "lat_coor1": 48.792485,
    "phone_number": "+33296231971",
    "business_hours": {
      "Lundi": "09:00-12:45 14:00-19:00",
      "Mardi": "09:00-12:45 14:00-19:00",
      "Mercredi": "09:00-12:45 14:00-19:00",
      "Jeudi": "09:00-12:45 14:00-19:00",
      "Vendredi": "09:00-12:45 14:00-19:00",
      "Samedi": "09:00-12:45",
      "Dimanche": "08:00-12:00 14:00-18:00"
    }
  },
  {
    "gid": "602a7525",
    "nom": "Pharmacie du Bizet",
    "rdv_site_web": "https://www.maiia.com/pharmacie/59650-villeneuve-d-ascq/pharmacie-du-bizet?centerid=602a75251f85b5153aaf95ee",
    "type": "drugstore",
    "vaccine_type": [
      "AstraZeneca"
    ],
    "com_cp": "59650",
    "com_insee": "59009",
    "address": "49 Boulevard Bizet 59650 Villeneuve-d'Ascq",
    "long_coor1": 3.144518,
    "lat_coor1": 50.620259,
    "phone_number": "+33320911392",
    "business_hours": {
      "Lundi": "08:30-19:30",
      "Mardi": "08:30-19:30",
      "Mercredi": "08:30-19:30",
      "Jeudi": "08:30-19:30",
      "Vendredi": "08:30-19:30",
      "Samedi": "09:00-19:00",
      "Dimanche": "08:30-19:30"
    }
  },
  {
    "gid": "602a75a9",
    "nom": "Pharmacie du Parc",
    "rdv_site_web": "https://www.maiia.com/pharmacie/91190-gif-sur-yvette/pharmacie-du-parc?centerid=602a75a91f85b5153aaf95fb",
    "type": "drugstore",
    "vaccine_type": [
      "Janssen"
    ],
    "com_cp": "91190",
    "com_insee": "91272",
    "address": "1 Place du March\u00e9 Neuf 91190 Gif-sur-Yvette",
    "long_coor1": 2.115665,
    "lat_coor1": 48.688086,
    "phone_number": "+33160123515",
    "business_hours": {
      "Lundi": "09:00-13:00 14:00-20:00",
      "Mardi": "09:00-13:00 14:00-20:00",
      "Mercredi": "09:00-13:00 14:00-20:00",
      "Jeudi": "09:00-13:00 14:00-20:00",
      "Vendredi": "09:00-13:00 14:00-20:00",
      "Samedi": "09:00-13:00 14:00-19:30"
    }
  },
  {
    "gid": "602a760d",
    "nom": "Pharmacie du Pr\u00e9 Saint Jean",
    "rdv_site_web": "https://www.maiia.com/pharmacie/34120-pezenas/pharmacie-du-pre-saint-jean?centerid=602a760d55b9e56c26810b89",
    "type": "drugstore",
    "vaccine_type": [
      "AstraZeneca"
    ],
    "com_cp": "34120",
    "com_insee": "34199",
    "address": "12 Avenue du Marechal Leclerc 34120 P\u00e9zenas",
    "long_coor1": 3.426278,
    "lat_coor1": 43.460036,
    "phone_number": "+33467981442",
    "business_hours": {
      "Lundi": "09:00-12:30 14:00-19:30",
      "Mardi": "09:00-12:30 14:00-19:30",
      "Mercredi": "09:00-12:30 14:00-19:30",
      "Jeudi": "09:00-12:30 14:00-19:30",
      "Vendredi": "09:00-12:30 14:00-19:30",
      "Samedi": "09:00-12:30 14:00-19:30",
      "Dimanche": "09:00-12:30 14:00-19:30"
    }
  },
  {
    "gid": "602cf2f8",
    "nom": "Pharmacie des Couplets",
    "rdv_site_web": "https://www.maiia.com/pharmacie/50120-equeurdreville-hainneville/pharmacie-des-couplets?centerid=602cf2f837219034c307a79a",
    "type": "drugstore",
    "vaccine_type": [
      "AstraZeneca"
    ],
    "com_cp": "50120",
    "com_insee": "50129",
    "address": "48 Rue du Rideret 50120 EQUEURDREVILLE HAINNEVILLE",
    "long_coor1": -1.664912,
    "lat_coor1": 49.648983,
    "phone_number": "+33233932206",
    "business_hours": {
      "Mardi": "08:00-12:00 14:00-18:00",
      "Mercredi": "08:00-12:00 14:00-18:00",
      "Jeudi": "08:00-12:00 14:00-18:00",
      "Vendredi": "08:00-12:00 14:00-18:00",
      "Samedi": "08:00-12:00 14:00-18:00",
      "Dimanche": "08:00-12:00 14:00-18:00"
    }
  },
  {
    "gid": "602cf98a",
    "nom": "Pharmacie de l'Aquarius",
    "rdv_site_web": "https://www.maiia.com/pharmacie/75019-paris/pharmacie-de-l-aquarius?centerid=602cf98a236ce7156a7603e5",
    "type": "drugstore",
    "vaccine_type": [
      "AstraZeneca"
    ],
    "com_cp": "75019",
    "com_insee": "75119",
    "address": "14 Rue de Thionville 75019 Paris",
    "long_coor1": 2.38192,
    "lat_coor1": 48.888485,
    "phone_number": "+33142022009",
    "business_hours": {
      "Lundi": "09:00-13:00 14:00-19:00",
      "Mardi": "09:00-13:00 14:00-19:00",
      "Mercredi": "09:00-13:00 14:00-19:00",
      "Jeudi": "09:00-13:00 14:00-19:00",
      "Vendredi": "09:00-13:00 14:00-19:00",
      "Samedi": "09:00-13:00 14:00-19:00",
      "Dimanche": "09:00-13:00 14:00-19:00"
    }
  },
  {
    "gid": "602cfa04",
    "nom": "Pharmacie de Camargue",
    "rdv_site_web": "https://www.maiia.com/pharmacie/13200-arles/pharmacie-de-camargue?centerid=602cfa0437219034c307a7e1",
    "type": "drugstore",
    "vaccine_type": [
      "AstraZeneca",
      "Janssen"
    ],
    "com_cp": "13200",
    "com_insee": "13004",
    "address": "63 Avenue du Docteur Robert Morel 13200 Arles",
    "long_coor1": 4.615233,
    "lat_coor1": 43.681845,
    "phone_number": "+33490962095",
    "business_hours": {
      "Lundi": "08:30-19:00",
      "Mardi": "08:30-19:00",
      "Mercredi": "08:30-19:00",
      "Jeudi": "08:30-19:00",
      "Vendredi": "08:30-19:00",
      "Samedi": "08:30-18:00",
      "Dimanche": "08:30-19:00"
    }
  },
  {
    "gid": "602f7dff",
    "nom": "Pharmacie Voltaire",
    "rdv_site_web": "https://www.maiia.com/pharmacie/69310-pierre-benite/pharmacie-voltaire?centerid=602f7dff9d292b087327a867",
    "type": "drugstore",
    "vaccine_type": [
      "Moderna",
      "AstraZeneca",
      "Janssen"
    ],
    "com_cp": "69310",
    "com_insee": "69152",
    "address": "21 Rue Voltaire 69310 Pierre-B\u00e9nite",
    "long_coor1": 4.821539,
    "lat_coor1": 45.703209,
    "phone_number": "+33478513650",
    "business_hours": {
      "Lundi": "08:30-13:00 14:30-19:00",
      "Mardi": "08:30-13:00 14:30-19:00",
      "Mercredi": "08:30-13:00 14:30-19:00",
      "Jeudi": "08:30-13:00 14:30-19:00",
      "Vendredi": "08:30-13:00 14:30-19:00",
      "Samedi": "08:30-13:00 14:30-19:00",
      "Dimanche": "08:30-13:00 14:30-19:00"
    }
  },
  {
    "gid": "60336670",
    "nom": "Pharmacie de la Rade",
    "rdv_site_web": "https://www.maiia.com/pharmacie/22700-perros-guirec/pharmacie-de-la-rade?centerid=603366700e0f7505a337a16a",
    "type": "drugstore",
    "vaccine_type": [
      "AstraZeneca"
    ],
    "com_cp": "22700",
    "com_insee": "22168",
    "address": "59 Rue Anatole Le Braz 22700 Perros-Guirec",
    "long_coor1": -3.442268,
    "lat_coor1": 48.805704,
    "phone_number": "+33296232221",
    "business_hours": {
      "Lundi": "09:00-12:30 14:00-19:00",
      "Mardi": "09:00-12:30 14:00-19:00",
      "Mercredi": "09:00-12:30 14:00-19:00",
      "Jeudi": "09:00-12:30 14:00-19:00",
      "Vendredi": "09:00-12:30 14:00-19:00",
      "Samedi": "09:00-12:30",
      "Dimanche": "09:00-12:30 14:00-19:00"
    }
  },
  {
    "gid": "6034d799",
    "nom": "Pharmacie du 8\u00e8me ",
    "rdv_site_web": "https://www.maiia.com/pharmacie/69008-lyon/pharmacie-du-8eme-?centerid=6034d799ec418369f59f0703",
    "type": "drugstore",
    "vaccine_type": [
      "AstraZeneca"
    ],
    "com_cp": "69008",
    "com_insee": "69388",
    "address": "74 Rue Marius Berliet 69008 Lyon",
    "long_coor1": 4.862218,
    "lat_coor1": 45.740972,
    "phone_number": "+33478775045",
    "business_hours": {
      "Lundi": "08:45-12:30 14:00-19:00",
      "Mardi": "08:45-12:30 14:00-19:00",
      "Mercredi": "08:45-12:30 14:00-19:00",
      "Jeudi": "08:45-12:30 14:00-19:00",
      "Vendredi": "08:45-12:30 14:00-19:00",
      "Samedi": "09:00-12:30"
    }
  },
  {
    "gid": "6034db95",
    "nom": "Pharmacie Leusch",
    "rdv_site_web": "https://www.maiia.com/pharmacie/62223-saint-nicolas/pharmacie-leusch?centerid=6034db95698e2a173a3125a7",
    "type": "drugstore",
    "vaccine_type": [
      "AstraZeneca"
    ],
    "com_cp": "62223",
    "com_insee": "62764",
    "address": "42 Rue de la Forge au Fer 62223 Saint-Nicolas",
    "long_coor1": 2.789323,
    "lat_coor1": 50.300587,
    "phone_number": "+33321553841",
    "business_hours": {
      "Lundi": "09:00-12:15 14:00-19:30",
      "Mardi": "09:00-12:15 14:00-19:30",
      "Mercredi": "09:00-12:15 14:00-19:30",
      "Jeudi": "09:00-12:15 14:00-19:30",
      "Vendredi": "09:00-12:15 14:00-19:30",
      "Samedi": "09:00-13:00"
    }
  },
  {
    "gid": "603cbcc0",
    "nom": "Pharmacie de Fleury",
    "rdv_site_web": "https://www.maiia.com/pharmacie/89113-fleury-la-vallee/pharmacie-de-fleury?centerid=603cbcc068359b1abff14b0a",
    "type": "drugstore",
    "vaccine_type": [
      "AstraZeneca"
    ],
    "com_cp": "89113",
    "com_insee": "89167",
    "address": "39 Grande Rue 89113 Fleury-la-Vall\u00e9e",
    "long_coor1": 3.452553,
    "lat_coor1": 47.868897,
    "phone_number": "+33386737414",
    "business_hours": {
      "Lundi": "14:00-18:00",
      "Mardi": "08:30-12:00 13:30-18:00",
      "Mercredi": "08:30-12:00 13:30-18:00",
      "Jeudi": "08:30-12:00 13:30-18:00",
      "Vendredi": "08:30-12:00 13:30-18:00",
      "Samedi": "09:00-12:00",
      "Dimanche": "08:00-12:00 14:00-18:00"
    }
  },
  {
    "gid": "603cbf2b",
    "nom": "Pharmacie H\u00f4tel de Ville",
    "rdv_site_web": "https://www.maiia.com/pharmacie/60200-compiegne/pharmacie-hotel-de-ville?centerid=603cbf2b68359b1abff14b5b",
    "type": "drugstore",
    "vaccine_type": [
      "AstraZeneca"
    ],
    "com_cp": "60200",
    "com_insee": "60159",
    "address": "8 Rue Jean Legendre 60200 Compi\u00e8gne",
    "long_coor1": 2.826061,
    "lat_coor1": 49.417367,
    "phone_number": "+33344401606",
    "business_hours": {
      "Lundi": "08:00-20:00",
      "Mardi": "08:00-20:00",
      "Mercredi": "08:00-20:00",
      "Jeudi": "08:00-20:00",
      "Vendredi": "08:00-20:00",
      "Samedi": "08:00-20:00"
    }
  },
  {
    "gid": "603cc064",
    "nom": "Pharmacie de la Mairie",
    "rdv_site_web": "https://www.maiia.com/pharmacie/87000-limoges/pharmacie-de-la-mairie?centerid=603cc06468359b1abff14b9c",
    "type": "drugstore",
    "vaccine_type": [
      "AstraZeneca"
    ],
    "com_cp": "87000",
    "com_insee": "87085",
    "address": "43 Avenue Georges Dumas 87000 Limoges",
    "long_coor1": 1.264304,
    "lat_coor1": 45.826578,
    "phone_number": "+33555342054",
    "business_hours": {
      "Lundi": "08:30-19:30",
      "Mardi": "08:30-19:30",
      "Mercredi": "08:30-19:30",
      "Jeudi": "08:30-19:30",
      "Vendredi": "08:30-19:30",
      "Samedi": "08:30-12:30",
      "Dimanche": "08:30-19:30"
    }
  },
  {
    "gid": "603e5040",
    "nom": "Pharmacie Dufour",
    "rdv_site_web": "https://www.maiia.com/pharmacie/59140-dunkerque/pharmacie-dufour?centerid=603e504048362623d5c5583b",
    "type": "drugstore",
    "vaccine_type": [
      "AstraZeneca"
    ],
    "com_cp": "59140",
    "com_insee": "59183",
    "address": "20 Rue de la Republique (Saint-Pol-sur-Mer) 59140 Dunkerque",
    "long_coor1": 2.358616,
    "lat_coor1": 51.028791,
    "phone_number": "+33328649325",
    "business_hours": {
      "Lundi": "08:30-19:00",
      "Mardi": "08:30-19:00",
      "Mercredi": "08:30-19:00",
      "Jeudi": "08:30-19:00",
      "Vendredi": "08:30-19:00",
      "Samedi": "08:30-13:00"
    }
  },
  {
    "gid": "603f6858",
    "nom": "Pharmacie de la Mairie",
    "rdv_site_web": "https://www.maiia.com/pharmacie/94130-nogent-sur-marne/pharmacie-de-la-mairie?centerid=603f6858484c650ca0a3d24c",
    "type": "drugstore",
    "vaccine_type": [
      "AstraZeneca"
    ],
    "com_cp": "94130",
    "com_insee": "94052",
    "address": "162 Grande Rue Charles de Gaulle 94130 Nogent-sur-Marne",
    "long_coor1": 2.490699,
    "lat_coor1": 48.838254,
    "phone_number": "+33148711356",
    "business_hours": {
      "Lundi": "08:00-20:00",
      "Mardi": "08:00-20:00",
      "Mercredi": "08:00-20:00",
      "Jeudi": "08:00-20:00",
      "Vendredi": "08:00-20:00",
      "Samedi": "08:00-20:00",
      "Dimanche": "08:00-20:00"
    }
  },
  {
    "gid": "60408d22",
    "nom": "Pharmacie Pelletier",
    "rdv_site_web": "https://www.maiia.com/pharmacie/92140-clamart/pharmacie-pelletier?centerid=60408d22484c650ca0a4549a",
    "type": "drugstore",
    "vaccine_type": [
      "AstraZeneca"
    ],
    "com_cp": "92140",
    "com_insee": "92023",
    "address": "1 Rue Paul Andrillon 92140 Clamart",
    "long_coor1": 2.227934,
    "lat_coor1": 48.780118,
    "phone_number": "+33146316630",
    "business_hours": {
      "Lundi": "14:30-18:30",
      "Mardi": "09:00-13:00 14:30-18:30",
      "Mercredi": "09:00-13:00 14:30-18:30",
      "Jeudi": "09:00-13:00 14:30-18:30",
      "Vendredi": "09:00-13:00 14:30-18:30",
      "Samedi": "09:00-13:00 14:30-18:30",
      "Dimanche": "09:00-13:00 14:30-18:30"
    }
  },
  {
    "gid": "6040d498",
    "nom": "Pharmacie Breteuil Sylvabelle",
    "rdv_site_web": "https://www.maiia.com/pharmacie/13006-marseille/pharmacie-breteuil-sylvabelle?centerid=6040d49863b6d169a71b0d62",
    "type": "drugstore",
    "vaccine_type": [
      "Janssen",
      "AstraZeneca"
    ],
    "com_cp": "13006",
    "com_insee": "13206",
    "address": "52 Rue Breteuil 13006 Marseille",
    "long_coor1": 5.375459,
    "lat_coor1": 43.291344,
    "phone_number": "+33491375548",
    "business_hours": {
      "Lundi": "08:30-19:30",
      "Mardi": "08:30-19:30",
      "Mercredi": "08:30-19:30",
      "Jeudi": "08:30-19:30",
      "Vendredi": "08:30-19:30",
      "Samedi": "08:30-12:30",
      "Dimanche": "08:30-19:30"
    }
  },
  {
    "gid": "6040d536",
    "nom": "Pharmacie Gervais",
    "rdv_site_web": "https://www.maiia.com/pharmacie/91290-arpajon/pharmacie-gervais?centerid=6040d5360fa4ea0ab57a0d8b",
    "type": "drugstore",
    "vaccine_type": [
      "AstraZeneca",
      "Janssen"
    ],
    "com_cp": "91290",
    "com_insee": "91021",
    "address": "55 Grande Rue 91290 Arpajon",
    "long_coor1": 2.248274,
    "lat_coor1": 48.590569,
    "phone_number": "+33164900022",
    "business_hours": {
      "Lundi": "09:00-12:30 14:30-19:30",
      "Mardi": "09:00-12:30 14:30-19:30",
      "Mercredi": "09:00-12:30 14:30-19:30",
      "Jeudi": "09:00-12:30 14:30-19:30",
      "Vendredi": "09:00-12:30 14:30-19:30",
      "Samedi": "09:00-12:30 14:30-17:30",
      "Dimanche": "09:00-12:30 14:30-19:30"
    }
  },
  {
    "gid": "6042a697",
    "nom": "Pharmacie de l'Aillantais",
    "rdv_site_web": "https://www.maiia.com/pharmacie/89110-montholon/pharmacie-de-l-aillantais?centerid=6042a6977f3d8265d0a71f8f",
    "type": "drugstore",
    "vaccine_type": [
      "AstraZeneca"
    ],
    "com_cp": "89110",
    "com_insee": "89003",
    "address": "4 Chemin de Neuilly 89110 Montholon",
    "long_coor1": 3.352829,
    "lat_coor1": 47.876545,
    "phone_number": "",
    "business_hours": {
      "Lundi": "09:00-12:30 14:00-19:15",
      "Mardi": "09:00-12:30 14:00-19:15",
      "Mercredi": "09:00-12:30 14:00-19:15",
      "Jeudi": "09:00-12:30 14:00-19:15",
      "Vendredi": "09:00-12:30 14:00-19:15",
      "Samedi": "09:00-12:30 14:00-19:15",
      "Dimanche": "09:00-12:30 14:00-19:15"
    }
  },
  {
    "gid": "6042a727",
    "nom": "Pharmacie du Rond Point de Rennes",
    "rdv_site_web": "https://www.maiia.com/pharmacie/44300-nantes/pharmacie-du-rond-point-de-rennes?centerid=6042a7277f3d8265d0a71fa7",
    "type": "drugstore",
    "vaccine_type": [
      "AstraZeneca"
    ],
    "com_cp": "44300",
    "com_insee": "44109",
    "address": "2 Boulevard Robert Schuman 44300 Nantes",
    "long_coor1": -1.565786,
    "lat_coor1": 47.233441,
    "phone_number": "+33240400405",
    "business_hours": {
      "Lundi": "09:00-12:30 14:00-19:30",
      "Mardi": "09:00-12:30 14:00-19:30",
      "Mercredi": "09:00-12:30 14:00-19:30",
      "Jeudi": "09:00-12:30 14:00-19:30",
      "Vendredi": "09:00-12:30 14:00-19:30",
      "Samedi": "09:00-12:30 14:00-19:00",
      "Dimanche": "09:00-12:30 14:00-19:30"
    }
  },
  {
    "gid": "6045eaf1",
    "nom": "Pharmacie de l'Eglise",
    "rdv_site_web": "https://www.maiia.com/pharmacie/69360-saint-symphorien-d-ozon/pharmacie-de-l-eglise?centerid=6045eaf12871352ceb9f390c",
    "type": "drugstore",
    "vaccine_type": [
      "AstraZeneca"
    ],
    "com_cp": "69360",
    "com_insee": "69291",
    "address": "19 Avenue Claude de la Colombi\u00e8re 69360 Saint-Symphorien-d'Ozon",
    "long_coor1": 4.855149,
    "lat_coor1": 45.631773,
    "phone_number": "+33478025050",
    "business_hours": {
      "Lundi": "08:30-12:30 14:15-19:30",
      "Mardi": "08:30-12:30 14:15-19:30",
      "Mercredi": "08:30-12:30 14:15-19:30",
      "Jeudi": "08:30-12:30 14:15-19:30",
      "Vendredi": "08:30-12:30 14:15-19:30",
      "Samedi": "08:30-12:30 14:15-18:00",
      "Dimanche": "08:30-12:30 14:15-19:30"
    }
  },
  {
    "gid": "604723ce",
    "nom": "Pharmacie de la Mairie",
    "rdv_site_web": "https://www.maiia.com/pharmacie/69500-bron/pharmacie-de-la-mairie?centerid=604723ce0aaa8b3252cf7056",
    "type": "drugstore",
    "vaccine_type": [
      "AstraZeneca",
      "Janssen"
    ],
    "com_cp": "69500",
    "com_insee": "69029",
    "address": "146 Avenue Franklin Roosevelt 69500 Bron",
    "long_coor1": 4.908687,
    "lat_coor1": 45.733407,
    "phone_number": "+33478268038",
    "business_hours": {
      "Lundi": "09:00-12:15 14:00-19:30",
      "Mardi": "09:00-12:15 14:00-19:30",
      "Mercredi": "09:00-12:15 14:00-19:30",
      "Jeudi": "09:00-12:15 14:00-19:30",
      "Vendredi": "09:00-12:15 14:00-19:30",
      "Samedi": "09:00-12:00 14:00-19:00"
    }
  },
  {
    "gid": "60472912",
    "nom": "Pharmacie Palomba",
    "rdv_site_web": "https://www.maiia.com/pharmacie/13270-fos-sur-mer/pharmacie-palomba?centerid=6047291287f983173a709653",
    "type": "drugstore",
    "vaccine_type": [
      "AstraZeneca",
      "Janssen"
    ],
    "com_cp": "13270",
    "com_insee": "13039",
    "address": "Avenue Rene Cassin 13270 Fos-sur-Mer",
    "long_coor1": 4.943705,
    "lat_coor1": 43.454636,
    "phone_number": "+33442051510",
    "business_hours": {
      "Lundi": "08:30-12:30 14:30-19:30",
      "Mardi": "08:30-12:30 14:30-19:30",
      "Mercredi": "08:30-12:30 14:30-19:30",
      "Jeudi": "08:30-12:30 14:30-19:30",
      "Vendredi": "08:30-12:30 14:30-19:30",
      "Samedi": "08:30-12:30",
      "Dimanche": "08:30-12:30 14:30-19:30"
    }
  },
  {
    "gid": "60478d47",
    "nom": "Pharmacie de Beynost",
    "rdv_site_web": "https://www.maiia.com/pharmacie/01700-beynost/pharmacie-de-beynost?centerid=60478d4787f983173a70af4f",
    "type": "drugstore",
    "vaccine_type": [
      "AstraZeneca"
    ],
    "com_cp": "01700",
    "com_insee": "01043",
    "address": "5 Place des Dombes 01700 Beynost",
    "long_coor1": 5.000043,
    "lat_coor1": 45.835129,
    "phone_number": "+33478552760",
    "business_hours": {
      "Lundi": "14:30-19:15",
      "Mardi": "08:45-12:15 14:30-19:15",
      "Mercredi": "08:45-12:15 14:30-19:15",
      "Jeudi": "08:45-12:15 14:30-19:15",
      "Vendredi": "08:45-12:15 14:30-19:15",
      "Samedi": "09:00-12:15 14:30-19:00",
      "Dimanche": "08:45-12:15 14:30-19:15"
    }
  },
  {
    "gid": "6049c684",
    "nom": "Pharmacie Joly",
    "rdv_site_web": "https://www.maiia.com/pharmacie/81210-lacrouzette/pharmacie-joly?centerid=6049c6841feec469afd51f68",
    "type": "drugstore",
    "vaccine_type": [
      "AstraZeneca"
    ],
    "com_cp": "81210",
    "com_insee": "81128",
    "address": "14 Route de Castres 81210 Lacrouzette",
    "long_coor1": 2.348026,
    "lat_coor1": 43.662389,
    "phone_number": "+33563506232",
    "business_hours": {
      "Lundi": "08:30-12:15 14:30-19:15",
      "Mardi": "08:30-12:15 14:30-19:15",
      "Mercredi": "08:30-12:15 14:30-19:15",
      "Jeudi": "08:30-12:15 14:30-19:15",
      "Vendredi": "08:30-12:15 14:30-19:15",
      "Samedi": "09:00-12:00 15:00-18:00",
      "Dimanche": "08:30-12:15 14:30-19:15"
    }
  },
  {
    "gid": "604a3f4f",
    "nom": "Pharmacie Saint Philibert",
    "rdv_site_web": "https://www.maiia.com/pharmacie/42190-charlieu/pharmacie-saint-philibert?centerid=604a3f4f65d8f5139d42db0a",
    "type": "drugstore",
    "vaccine_type": [
      "AstraZeneca"
    ],
    "com_cp": "42190",
    "com_insee": "42052",
    "address": "6 b Rue de l\u2019Industrie 42190 Charlieu",
    "long_coor1": 4.167847,
    "lat_coor1": 46.157024,
    "phone_number": "+33477690302",
    "business_hours": {
      "Lundi": "08:30-12:15 14:00-19:15",
      "Mardi": "08:30-12:15 14:00-19:15",
      "Mercredi": "08:30-12:15 14:00-19:15",
      "Jeudi": "08:30-12:15 14:00-19:15",
      "Vendredi": "08:30-12:15 14:00-19:15",
      "Samedi": "08:30-12:15 14:00-19:00",
      "Dimanche": "08:30-12:15 14:00-19:15"
    }
  },
  {
    "gid": "604a421a",
    "nom": "Pharmacie Saint Gilles",
    "rdv_site_web": "https://www.maiia.com/pharmacie/14000-caen/pharmacie-saint-gilles?centerid=604a421a4125a3012e92f03f",
    "type": "drugstore",
    "vaccine_type": [
      "AstraZeneca"
    ],
    "com_cp": "14000",
    "com_insee": "14118",
    "address": "53 Rue de la Pigaciere 14000 Caen",
    "long_coor1": -0.356997,
    "lat_coor1": 49.187953,
    "phone_number": "+33231936978",
    "business_hours": {
      "Lundi": "09:00-12:30 14:00-19:30",
      "Mardi": "09:00-12:30 14:00-19:30",
      "Mercredi": "09:00-12:30 14:00-19:30",
      "Jeudi": "09:00-12:30 14:00-19:30",
      "Vendredi": "09:00-12:30 14:00-19:30",
      "Samedi": "09:00-12:30 14:00-18:00",
      "Dimanche": "09:00-12:30 14:00-19:30"
    }
  },
  {
    "gid": "604f19ae",
    "nom": "Pharmacie Frigot",
    "rdv_site_web": "https://www.maiia.com/pharmacie/79000-niort/pharmacie-frigot?centerid=604f19aea842b64c5ef004b3",
    "type": "drugstore",
    "vaccine_type": [
      "AstraZeneca"
    ],
    "com_cp": "79000",
    "com_insee": "79191",
    "address": "53 Rue Victor Hugo 79000 Niort",
    "long_coor1": -0.461872,
    "lat_coor1": 46.324623,
    "phone_number": "+33549240041",
    "business_hours": {
      "Lundi": "10:00-13:00 14:00-19:00",
      "Mardi": "09:00-13:00 14:00-19:00",
      "Mercredi": "09:00-13:00 14:00-19:00",
      "Jeudi": "09:00-13:00 14:00-19:00",
      "Vendredi": "09:00-13:00 14:00-19:00",
      "Samedi": "09:00-12:30 14:30-18:30",
      "Dimanche": "10:00-13:00 14:00-19:00"
    }
  },
  {
    "gid": "604f1d5a",
    "nom": "Pharmacie d'Entremont",
    "rdv_site_web": "https://www.maiia.com/pharmacie/68170-rixheim/pharmacie-d-entremont?centerid=604f1d5aa842b64c5ef0054e",
    "type": "drugstore",
    "vaccine_type": [
      "AstraZeneca"
    ],
    "com_cp": "68170",
    "com_insee": "68278",
    "address": "3 Rue des Peupliers 68170 Rixheim",
    "long_coor1": 7.383044,
    "lat_coor1": 47.752543,
    "phone_number": "+33389541042",
    "business_hours": {
      "Lundi": "08:30-12:15 14:30-19:00",
      "Mardi": "08:30-12:15 14:30-19:00",
      "Mercredi": "08:30-12:15 14:30-19:00",
      "Jeudi": "08:30-12:15 14:30-19:00",
      "Vendredi": "08:30-12:15 14:30-19:00",
      "Samedi": "08:30-12:15"
    }
  },
  {
    "gid": "604f1de6",
    "nom": "Pharmacie de Froges",
    "rdv_site_web": "https://www.maiia.com/pharmacie/38190-froges/pharmacie-de-froges?centerid=604f1de634862e2a6993b9ab",
    "type": "drugstore",
    "vaccine_type": [
      "AstraZeneca"
    ],
    "com_cp": "38190",
    "com_insee": "38175",
    "address": "9 Rue Joliot Curie 38190 Froges",
    "long_coor1": 5.921435,
    "lat_coor1": 45.272593,
    "phone_number": "+33476457144",
    "business_hours": {
      "Lundi": "08:30-19:30",
      "Mardi": "08:30-19:30",
      "Mercredi": "08:30-19:30",
      "Jeudi": "08:30-19:30",
      "Vendredi": "08:30-19:30",
      "Samedi": "08:30-12:30",
      "Dimanche": "08:30-19:30"
    }
  },
  {
    "gid": "605069e7",
    "nom": "Pharmacie Leger",
    "rdv_site_web": "https://www.maiia.com/pharmacie/74300-cluses/pharmacie-leger?centerid=605069e734862e2a69944647",
    "type": "drugstore",
    "vaccine_type": [
      "AstraZeneca"
    ],
    "com_cp": "74300",
    "com_insee": "74081",
    "address": "20 Av de la Liberation 74300 Cluses",
    "long_coor1": 6.577602,
    "lat_coor1": 46.060117,
    "phone_number": "+33450475544",
    "business_hours": {
      "Lundi": "08:15-12:15 14:00-19:00",
      "Mardi": "08:15-12:15 14:00-19:00",
      "Mercredi": "08:15-12:15 14:00-19:00",
      "Jeudi": "08:15-12:15 14:00-19:00",
      "Vendredi": "08:15-12:15 14:00-19:00",
      "Samedi": "08:15-12:15 14:00-19:00",
      "Dimanche": "08:15-12:15 14:00-19:00"
    }
  },
  {
    "gid": "6050dce9",
    "nom": "Pharmacie Saint C\u00f4me ",
    "rdv_site_web": "https://www.maiia.com/pharmacie/68400-riedisheim/pharmacie-saint-come-?centerid=6050dce97a1e3f112d086701",
    "type": "drugstore",
    "vaccine_type": [
      "AstraZeneca"
    ],
    "com_cp": "68400",
    "com_insee": "68271",
    "address": "79 Rue de Mulhouse 68400 Riedisheim",
    "long_coor1": 7.365054,
    "lat_coor1": 47.747323,
    "phone_number": "+33389447501",
    "business_hours": {
      "Lundi": "08:15-12:15 14:00-19:00",
      "Mardi": "08:15-12:15 14:00-19:00",
      "Mercredi": "08:15-12:15 14:00-19:00",
      "Jeudi": "08:15-12:15 14:00-19:00",
      "Vendredi": "08:15-12:15 14:00-19:00",
      "Samedi": "08:15-12:15 14:00-17:00",
      "Dimanche": "08:15-12:15 14:00-19:00"
    }
  },
  {
    "gid": "6051b885",
    "nom": "Pharmacie des Perri\u00e8res",
    "rdv_site_web": "https://www.maiia.com/pharmacie/21000-dijon/pharmacie-des-perrieres?centerid=6051b8857a1e3f112d086807",
    "type": "drugstore",
    "vaccine_type": [
      "AstraZeneca"
    ],
    "com_cp": "21000",
    "com_insee": "21231",
    "address": "6 bis Boulevard de l\u2019Ouest 21000 Dijon",
    "long_coor1": 5.017812,
    "lat_coor1": 47.323893,
    "phone_number": "+33380434493",
    "business_hours": {
      "Lundi": "08:30-12:00 14:00-20:00",
      "Mardi": "08:30-12:00 14:00-20:00",
      "Mercredi": "08:30-12:00 14:00-20:00",
      "Jeudi": "08:30-12:00 14:00-20:00",
      "Vendredi": "08:30-12:00 14:00-20:00",
      "Samedi": "08:30-12:00 14:00-17:00",
      "Dimanche": "08:30-12:00 14:00-20:00"
    }
  },
  {
    "gid": "605857db",
    "nom": "Pharmacie la Ven\u00e7oise",
    "rdv_site_web": "https://www.maiia.com/pharmacie/06140-vence/pharmacie-la-vencoise?centerid=605857dbd254f158baffbea0",
    "type": "drugstore",
    "vaccine_type": [
      "AstraZeneca"
    ],
    "com_cp": "06140",
    "com_insee": "06157",
    "address": "27 Avenue Marcellin Maurel 06140 Vence",
    "long_coor1": 7.112858,
    "lat_coor1": 43.722192,
    "phone_number": "+33493580309",
    "business_hours": {
      "Lundi": "08:30-12:30 14:30-19:30",
      "Mardi": "08:30-12:30 14:30-19:30",
      "Mercredi": "08:30-12:30 14:30-19:30",
      "Jeudi": "08:30-12:30 14:30-19:30",
      "Vendredi": "08:30-12:30 14:30-19:30",
      "Samedi": "08:30-12:30 14:30-19:30"
    }
  },
  {
    "gid": "6058b3ab",
    "nom": "Pharmacie Calvaire Saint Pierre",
    "rdv_site_web": "https://www.maiia.com/pharmacie/14000-caen/pharmacie-calvaire-saint-pierre?centerid=6058b3abd254f158baffc107",
    "type": "drugstore",
    "vaccine_type": [
      "AstraZeneca"
    ],
    "com_cp": "14000",
    "com_insee": "14118",
    "address": "17 Avenue Professeur Horatio Smith 14000 Caen",
    "long_coor1": -0.364154,
    "lat_coor1": 49.197721,
    "phone_number": "+33231931019",
    "business_hours": {
      "Lundi": "09:00-12:30 14:00-19:30",
      "Mardi": "09:00-12:30 14:00-19:30",
      "Mercredi": "09:00-12:30 14:00-19:30",
      "Jeudi": "09:00-12:30 14:00-19:30",
      "Vendredi": "09:00-12:30 14:00-19:30",
      "Samedi": "09:00-12:30",
      "Dimanche": "09:30-12:30 14:00-19:30"
    }
  },
  {
    "gid": "6058b41c",
    "nom": "Pharmacie de la Mer",
    "rdv_site_web": "https://www.maiia.com/pharmacie/14530-luc-sur-mer/pharmacie-de-la-mer?centerid=6058b41cd254f158baffc121",
    "type": "drugstore",
    "vaccine_type": [
      "AstraZeneca",
      "Janssen"
    ],
    "com_cp": "14530",
    "com_insee": "14384",
    "address": "Place de l'Etoile 14530 Luc-sur-Mer",
    "long_coor1": -0.357268,
    "lat_coor1": 49.316601,
    "phone_number": "+33231973210",
    "business_hours": {
      "Lundi": "09:00-12:15 14:30-19:15",
      "Mardi": "09:00-12:15 14:30-19:15",
      "Mercredi": "09:00-12:15 14:30-19:15",
      "Jeudi": "09:00-12:15 14:30-19:15",
      "Vendredi": "09:00-12:15 14:30-19:15",
      "Samedi": "09:00-12:15 14:30-19:15",
      "Dimanche": "09:00-12:15 14:30-19:15"
    }
  },
  {
    "gid": "606c0ad7",
    "nom": "Pharmacie du Cours Saint Louis",
    "rdv_site_web": "https://www.maiia.com/pharmacie/13001-marseille/pharmacie-du-cours-saint-louis?centerid=606c0ad72785d356818cd519",
    "type": "drugstore",
    "vaccine_type": [
      "AstraZeneca"
    ],
    "com_cp": "13001",
    "com_insee": "13201",
    "address": "5 Cours Saint Louis 13001 Marseille",
    "long_coor1": 5.378313,
    "lat_coor1": 43.296004,
    "phone_number": "+33491540458",
    "business_hours": {
      "Lundi": "08:30-19:30",
      "Mardi": "08:30-19:30",
      "Mercredi": "08:30-19:30",
      "Jeudi": "08:30-19:30",
      "Vendredi": "08:30-19:30",
      "Samedi": "08:30-19:30"
    }
  },
  {
    "gid": "607548db",
    "nom": "Pharmacie Principale",
    "rdv_site_web": "https://www.maiia.com/pharmacie/93420-villepinte/pharmacie-principale?centerid=607548dbad24f57239de061b",
    "type": "drugstore",
    "vaccine_type": [
      "AstraZeneca"
    ],
    "com_cp": "93420",
    "com_insee": "93078",
    "address": "21 Avenue de la Gare 93420 Villepinte",
    "long_coor1": 2.564537,
    "lat_coor1": 48.945774,
    "phone_number": "+33148615999",
    "business_hours": {
      "Lundi": "09:00-20:00",
      "Mardi": "09:00-20:00",
      "Mercredi": "09:00-20:00",
      "Jeudi": "09:00-20:00",
      "Vendredi": "09:00-20:00",
      "Samedi": "09:30-19:00",
      "Dimanche": "09:00-20:00"
    }
  },
  {
    "gid": "60769ef9",
    "nom": "Pharmacie Uzan - La Petite Pharma",
    "rdv_site_web": "https://www.maiia.com/pharmacie/75019-paris/pharmacie-uzan---la-petite-pharma?centerid=60769ef9c499a9681fdf77ca",
    "type": "drugstore",
    "vaccine_type": [
      "AstraZeneca"
    ],
    "com_cp": "75019",
    "com_insee": "75119",
    "address": "98 Rue Petit 75019 Paris",
    "long_coor1": 2.390737,
    "lat_coor1": 48.88607,
    "phone_number": "+33142014685",
    "business_hours": {
      "Lundi": "08:30-20:30",
      "Mardi": "08:30-20:30",
      "Mercredi": "08:30-20:30",
      "Jeudi": "08:30-20:30",
      "Vendredi": "08:30-20:30",
      "Samedi": "09:00-13:00 14:30-19:30"
    }
  },
  {
    "gid": "60769f86",
    "nom": "Pharmacie Maizaud",
    "rdv_site_web": "https://www.maiia.com/pharmacie/63670-orcet/pharmacie-maizaud?centerid=60769f86ad24f57239de0bae",
    "type": "drugstore",
    "vaccine_type": [
      "AstraZeneca"
    ],
    "com_cp": "63670",
    "com_insee": "63262",
    "address": "9 Rue Alexandre Rouel 63670 Orcet",
    "long_coor1": 3.165048,
    "lat_coor1": 45.706648,
    "phone_number": "+33473848468",
    "business_hours": {
      "Lundi": "08:30-12:00 14:00-19:15",
      "Mardi": "08:30-12:00 14:00-19:15",
      "Mercredi": "08:30-12:00 14:00-19:15",
      "Jeudi": "08:30-12:00 14:00-19:15",
      "Vendredi": "08:30-12:00 14:00-19:15",
      "Samedi": "08:30-13:00"
    }
  },
  {
    "gid": "608ac7bf",
    "nom": "Pharmacie Centrale",
    "rdv_site_web": "https://www.maiia.com/pharmacie/44240-suce-sur-erdre/pharmacie-centrale?centerid=608ac7bf8713d30717a399dd",
    "type": "drugstore",
    "vaccine_type": [
      "AstraZeneca"
    ],
    "com_cp": "44240",
    "com_insee": "44201",
    "address": "37 Place Aristide Briand 44240 Suc\u00e9-sur-Erdre",
    "long_coor1": -1.526633,
    "lat_coor1": 47.341805,
    "phone_number": "+33240777016",
    "business_hours": {
      "Lundi": "08:30-13:00 14:30-19:00",
      "Mardi": "08:30-13:00 14:30-19:00",
      "Mercredi": "08:30-13:00 14:30-19:00",
      "Jeudi": "08:30-13:00 14:30-19:00",
      "Vendredi": "08:30-13:00 14:30-19:00",
      "Samedi": "08:30-13:00 14:30-19:00",
      "Dimanche": "08:30-13:00"
    }
  },
  {
    "gid": "608fb9e9",
    "nom": "Pharmacie Bayard",
    "rdv_site_web": "https://www.maiia.com/pharmacie/38130-echirolles/pharmacie-bayard?centerid=608fb9e9b9a2427d3755130a",
    "type": "drugstore",
    "vaccine_type": [
      "AstraZeneca"
    ],
    "com_cp": "38130",
    "com_insee": "38151",
    "address": "84 Cours Jean Jaures 38130 \u00c9chirolles",
    "long_coor1": 5.704317,
    "lat_coor1": 45.145028,
    "phone_number": "+33476092956",
    "business_hours": {
      "Lundi": "09:00-13:00 14:00-19:00",
      "Mardi": "08:30-13:00 14:00-19:00",
      "Mercredi": "08:30-13:00 14:00-19:00",
      "Jeudi": "08:30-13:00 14:00-19:00",
      "Vendredi": "08:30-13:00 14:00-19:00",
      "Samedi": "08:30-13:00 14:00-19:00"
    }
  },
  {
    "gid": "60914c2c",
    "nom": "Pharmacie de Malakoff",
    "rdv_site_web": "https://www.maiia.com/pharmacie/44000-nantes/pharmacie-de-malakoff?centerid=60914c2ca8637a3a5d932ea3",
    "type": "drugstore",
    "vaccine_type": [
      "AstraZeneca"
    ],
    "com_cp": "44000",
    "com_insee": "44109",
    "address": "16 Place Rosa Parks 44000 Nantes",
    "long_coor1": -1.529338,
    "lat_coor1": 47.214653,
    "phone_number": "+33240475337",
    "business_hours": {
      "Lundi": "09:00-19:30",
      "Mardi": "09:00-19:30",
      "Mercredi": "09:00-19:30",
      "Jeudi": "09:00-19:30",
      "Vendredi": "09:00-19:30",
      "Samedi": "09:00-12:30 14:00-18:00",
      "Dimanche": "09:00-19:30"
    }
  }
]